#,EXNAME,FIELD_OVERLAY,SEASONAL_STRATEGY,FL_LAT,FL_LONG,WST_ID,SOIL_ID,PDATE,CRID,FEN_TOT,OM_TOT,HDATE,HWAH,BWAH,TR_NOTES,,,,,,,,,,,
*,EMUM0171,KARURUMO-2----FIELD,KARURUMO-1----BASELINE,-0.46667,37.65000,KERU,KAVG425021,2011-10-15,MAZ,35,0,,750.0,,,,,,,,,,,,,
*,EMUM0172,KARURUMO-2----FIELD,KARURUMO-1----BASELINE,-0.46667,37.65000,KERU,KAVA425021,2011-10-15,MAZ,0,0,,1111.1,,,,,,,,,,,,,
*,EMUM0173,KARURUMO-5----FIELD,KARURUMO-1----BASELINE,-0.46667,37.65000,KERU,KAVG425021,2011-10-15,MAZ,45,500,,337.5,,,,,,,,,,,,,
*,EMUM0174,KARURUMO-5----FIELD,KARURUMO-1----BASELINE,-0.46667,37.65000,KERU,KAVA425021,2011-10-05,MAZ,0,500,,225.0,,,,,,,,,,,,,
*,EMUM0175,KARURUMO-2----FIELD,KARURUMO-2----BASELINE,-0.46667,37.65000,KERU,KAVP425021,2011-10-25,MAZ,35,0,,125.0,,,,,,,,,,,,,
*,EMUM0176,KARURUMO-5----FIELD,KARURUMO-1----BASELINE,-0.46667,37.65000,KERU,KAVG425021,2011-10-15,MAZ,15,0,,337.5,,,,,,,,,,,,,
*,EMUM0177,KARURUMO-8----FIELD,KARURUMO-1----BASELINE,-0.46667,37.65000,KERU,KAVA425021,2011-10-05,MAZ,35,0,,2250.0,,,,,,,,,,,,,
*,EMUM0178,KARURUMO-5----FIELD,KARURUMO-1----BASELINE,-0.46667,37.65000,KERU,KAVG425021,2011-10-05,MAZ,25,0,,300.0,,,,,,,,,,,,,
*,EMUM0179,KARURUMO-5----FIELD,KARURUMO-1----BASELINE,-0.46667,37.65000,KERU,KAVA425021,2011-09-05,MAZ,35,0,,666.7,,,,,,,,,,,,,
*,EMUM0180,KARURUMO-5----FIELD,KARURUMO-1----BASELINE,-0.46667,37.65000,KERU,KAVG425021,2011-10-15,MAZ,25,500,,111.1,,,,,,,,,,,,,
*,EMUM0181,KARURUMO-5----FIELD,KARURUMO-1----BASELINE,-0.46667,37.65000,KERU,KAVA425021,2011-10-15,MAZ,55,1500,,112.5,,,,,,,,,,,,,
*,EMUM0182,KARURUMO-2----FIELD,KARURUMO-1----BASELINE,-0.46667,37.65000,KERU,KAVG425021,2011-10-15,MAZ,35,0,,1941.2,,,,,,,,,,,,,
*,EMUM0183,KARURUMO-12----FIELD,KARURUMO-1----BASELINE,-0.46667,37.65000,KERU,KAVA425021,2011-10-05,MAZ,55,1500,,600.0,,,,,,,,,,,,,
*,EMUM0184,KARURUMO-6----FIELD,KARURUMO-1----BASELINE,-0.46667,37.65000,KERU,KAVG425021,2011-10-05,MAZ,55,0,,532.8,,,,,,,,,,,,,
*,EMUM0185,KARURUMO-6----FIELD,KARURUMO-1----BASELINE,-0.46667,37.65000,KERU,KAVG425021,2011-10-15,MAZ,35,0,,442.6,,,,,,,,,,,,,
*,EMUM0186,KARURUMO-6----FIELD,KARURUMO-2----BASELINE,-0.46667,37.65000,KERU,KAVG425021,2011-10-15,MAZ,45,0,,111.1,,,,,,,,,,,,,
*,EMUM0187,KARURUMO-6----FIELD,KARURUMO-1----BASELINE,-0.46667,37.65000,KERU,KAVA425021,2011-09-05,MAZ,15,0,,666.7,,,,,,,,,,,,,
*,EMUM0188,KARURUMO-1----FIELD,KARURUMO-1----BASELINE,-0.46667,37.65000,KERU,KAVA425021,2011-10-15,MAZ,25,2000,,2222.2,,,,,,,,,,,,,
*,EMUM0189,KARURUMO-4----FIELD,KARURUMO-2----BASELINE,-0.46667,37.65000,KERU,KAVA425021,2011-09-05,MAZ,0,1000,,600.0,,,,,,,,,,,,,
*,EMUM0190,KARURUMO-1----FIELD,KARURUMO-2----BASELINE,-0.46667,37.65000,KERU,KAVA425021,2011-09-05,MAZ,35,0,,270.0,,,,,,,,,,,,,
*,EMUM0191,KARURUMO-7----FIELD,KARURUMO-2----BASELINE,-0.46667,37.65000,KERU,KAVA425021,2011-10-15,MAZ,15,0,,450.0,,,,,,,,,,,,,
*,EMUM0192,KARURUMO-4----FIELD,KARURUMO-1----BASELINE,-0.46667,37.65000,KERU,KAVA425021,2011-10-05,MAZ,15,0,,1350.0,,,,,,,,,,,,,
*,EMUM0193,KARURUMO-1----FIELD,KARURUMO-2----BASELINE,-0.46667,37.65000,KERU,KAVA425021,2011-10-05,MAZ,0,0,,450.0,,,,,,,,,,,,,
*,EMUM0194,KARURUMO-1----FIELD,KARURUMO-2----BASELINE,-0.46667,37.65000,KERU,KAVA425021,2011-09-05,MAZ,15,0,,112.5,,,,,,,,,,,,,
*,EMUM0195,KARURUMO-1----FIELD,KARURUMO-1----BASELINE,-0.46667,37.65000,KERU,KAVA425021,2011-10-05,MAZ,15,0,,900.0,,,,,,,,,,,,,
*,EMUM0196,KARURUMO-1----FIELD,KARURUMO-1----BASELINE,-0.46667,37.65000,KERU,KAVA425021,2011-10-05,MAZ,65,0,,225.0,,,,,,,,,,,,,
*,EMUM0197,KARURUMO-4----FIELD,KARURUMO-1----BASELINE,-0.46667,37.65000,KERU,KAVA425021,2011-10-05,MAZ,35,0,,1000.0,,,,,,,,,,,,,
*,EMUM0198,KARURUMO-4----FIELD,KARURUMO-2----BASELINE,-0.46667,37.65000,KERU,KAVA425021,2011-10-15,MAZ,0,1500,,900.0,,,,,,,,,,,,,
*,EMUM0199,KARURUMO-10----FIELD,KARURUMO-2----BASELINE,-0.46667,37.65000,KERU,KAVG425021,2011-10-25,MAZ,0,2500,,450.0,,,,,,,,,,,,,
*,EMUM0200,KARURUMO-4----FIELD,KARURUMO-2----BASELINE,-0.46667,37.65000,KERU,KAVA425021,2011-09-05,MAZ,0,500,,1350.0,,,,,,,,,,,,,
*,EMUM0201,KARURUMO-7----FIELD,KARURUMO-1----BASELINE,-0.46667,37.65000,KERU,KAVA425021,2011-10-15,MAZ,45,0,,750.0,,,,,,,,,,,,,
*,EMUM0202,KARURUMO-1----FIELD,KARURUMO-1----BASELINE,-0.46667,37.65000,KERU,KAVG425021,2011-10-15,MAZ,45,750,,900.0,,,,,,,,,,,,,
*,EMUM0203,KARURUMO-1----FIELD,KARURUMO-2----BASELINE,-0.46667,37.65000,KERU,KAVG425021,2011-10-05,MAZ,35,500,,337.5,,,,,,,,,,,,,
*,EMUM0204,KARURUMO-4----FIELD,KARURUMO-2----BASELINE,-0.46667,37.65000,KERU,KAVG425021,2011-10-05,MAZ,35,0,,1350.0,,,,,,,,,,,,,
*,EMUM0205,KARURUMO-1----FIELD,KARURUMO-1----BASELINE,-0.46667,37.65000,KERU,KAVA425021,2011-10-15,MAZ,35,0,,1125.0,,,,,,,,,,,,,
*,EMUM0206,KARURUMO-4----FIELD,KARURUMO-2----BASELINE,-0.46667,37.65000,KERU,KAVA425021,2011-10-05,MAZ,45,1500,,2250.0,,,,,,,,,,,,,
*,EMUM0207,KARURUMO-4----FIELD,KARURUMO-1----BASELINE,-0.46667,37.65000,KERU,KAVA425021,2011-10-05,MAZ,45,0,,1237.5,,,,,,,,,,,,,
*,EMUM0208,KARURUMO-4----FIELD,KARURUMO-1----BASELINE,-0.46667,37.65000,KERU,KAVG425021,2011-10-25,MAZ,35,0,,1125.0,,,,,,,,,,,,,
*,EMUM0209,KARURUMO-4----FIELD,KARURUMO-2----BASELINE,-0.46667,37.65000,KERU,KAVG425021,2011-10-05,MAZ,15,500,,658.5,,,,,,,,,,,,,
*,EMUM0210,KARURUMO-1----FIELD,KARURUMO-1----BASELINE,-0.46667,37.65000,KERU,KAVA425021,2011-10-05,MAZ,35,0,,888.9,,,,,,,,,,,,,
*,EMUM0211,KARURUMO-7----FIELD,KARURUMO-1----BASELINE,-0.46667,37.65000,KERU,KAVA425021,2011-10-05,MAZ,25,500,,225.0,,,,,,,,,,,,,
*,EMUM0212,KARURUMO-4----FIELD,KARURUMO-1----BASELINE,-0.46667,37.65000,KERU,KAVA425021,2011-10-05,MAZ,0,500,,2250.0,,,,,,,,,,,,,
*,EMUM0213,KARURUMO-4----FIELD,KARURUMO-1----BASELINE,-0.46667,37.65000,KERU,KAVG425021,2011-10-15,MAZ,80,0,,450.0,,,,,,,,,,,,,
*,EMUM0214,KARURUMO-4----FIELD,KARURUMO-1----BASELINE,-0.46667,37.65000,KERU,KAVA425021,2011-10-15,MAZ,15,0,,450.0,,,,,,,,,,,,,
*,EMUM0215,KARURUMO-4----FIELD,KARURUMO-1----BASELINE,-0.46667,37.65000,KERU,KAVA425021,2011-10-15,MAZ,25,0,,675.0,,,,,,,,,,,,,
*,EMUM0216,KARURUMO-1----FIELD,KARURUMO-2----BASELINE,-0.46667,37.65000,KERU,KAVA425021,2011-10-15,MAZ,35,0,,2524.8,,,,,,,,,,,,,
*,EMUM0217,KARURUMO-1----FIELD,KARURUMO-2----BASELINE,-0.46667,37.65000,KERU,KAVA425021,2011-10-05,MAZ,45,2500,,600.0,,,,,,,,,,,,,
*,EMUM0218,KARURUMO-4----FIELD,KARURUMO-1----BASELINE,-0.46667,37.65000,KERU,KAVP425021,2011-09-05,MAZ,35,0,,439.0,,,,,,,,,,,,,
*,EMUM0219,KARURUMO-1----FIELD,KARURUMO-2----BASELINE,-0.46667,37.65000,KERU,KAVG425021,2011-10-05,MAZ,15,0,,658.5,,,,,,,,,,,,,
*,EMUM0220,KARURUMO-1----FIELD,KARURUMO-2----BASELINE,-0.46667,37.65000,KERU,KAVG425021,2011-10-15,MAZ,0,250,,675.0,,,,,,,,,,,,,
*,EMUM0221,KARURUMO-1----FIELD,KARURUMO-1----BASELINE,-0.46667,37.65000,KERU,KAVA425021,2011-10-05,MAZ,35,0,,225.0,,,,,,,,,,,,,
*,EMUM0222,KARURUMO-4----FIELD,KARURUMO-1----BASELINE,-0.46667,37.65000,KERU,KAVA425021,2011-10-05,MAZ,65,500,,1350.0,,,,,,,,,,,,,
*,EMUM0223,KARURUMO-4----FIELD,KARURUMO-2----BASELINE,-0.46667,37.65000,KERU,KAVG425021,2011-10-15,MAZ,45,0,,2250.0,,,,,,,,,,,,,
*,EMUM0224,KARURUMO-4----FIELD,KARURUMO-1----BASELINE,-0.46667,37.65000,KERU,KAVA425021,2011-10-05,MAZ,55,0,,2250.0,,,,,,,,,,,,,
*,EMUM0225,KARURUMO-5----FIELD,KARURUMO-1----BASELINE,-0.46667,37.65000,KERU,KAVG425021,2011-09-05,MAZ,80,0,,2250.0,,,,,,,,,,,,,
*,EMUM0226,KARURUMO-2----FIELD,KARURUMO-2----BASELINE,-0.46667,37.65000,KERU,KAVA425021,2011-10-05,MAZ,0,0,,1800.0,,,,,,,,,,,,,
*,EMUM0227,KARURUMO-5----FIELD,KARURUMO-1----BASELINE,-0.46667,37.65000,KERU,KAVA425021,2011-09-05,MAZ,45,0,,900.0,,,,,,,,,,,,,
*,EMUM0228,KARURUMO-5----FIELD,KARURUMO-1----BASELINE,-0.46667,37.65000,KERU,KAVP425021,2011-10-25,MAZ,25,0,,900.0,,,,,,,,,,,,,
*,EMUM0229,KARURUMO-2----FIELD,KARURUMO-1----BASELINE,-0.46667,37.65000,KERU,KAVA425021,2011-10-15,MAZ,45,0,,450.0,,,,,,,,,,,,,
*,EMUM0230,KARURUMO-5----FIELD,KARURUMO-1----BASELINE,-0.46667,37.65000,KERU,KAVA425021,2011-09-05,MAZ,0,0,,675.0,,,,,,,,,,,,,
*,EMUM0231,KARURUMO-5----FIELD,KARURUMO-2----BASELINE,-0.46667,37.65000,KERU,KAVA425021,2011-10-15,MAZ,80,0,,900.0,,,,,,,,,,,,,
*,EMUM0232,KARURUMO-5----FIELD,KARURUMO-2----BASELINE,-0.46667,37.65000,KERU,KAVA425021,2011-10-15,MAZ,0,2000,,675.0,,,,,,,,,,,,,
*,EMUM0233,KARURUMO-5----FIELD,KARURUMO-2----BASELINE,-0.46667,37.65000,KERU,KAVA425021,2011-10-15,MAZ,15,500,,590.2,,,,,,,,,,,,,
*,EMUM0234,KARURUMO-5----FIELD,KARURUMO-2----BASELINE,-0.46667,37.65000,KERU,KAVG425021,2011-10-15,MAZ,80,500,,851.2,,,,,,,,,,,,,
*,EMUM0235,KARURUMO-2----FIELD,KARURUMO-1----BASELINE,-0.46667,37.65000,KERU,KAVA425021,2011-10-25,MAZ,25,0,,1666.7,,,,,,,,,,,,,
*,EMUM0236,KARURUMO-5----FIELD,KARURUMO-1----BASELINE,-0.46667,37.65000,KERU,KAVA425021,2011-09-05,MAZ,80,0,,1200.0,,,,,,,,,,,,,
*,EMUM0237,KARURUMO-2----FIELD,KARURUMO-1----BASELINE,-0.46667,37.65000,KERU,KAVA425021,2011-10-05,MAZ,80,2500,,900.0,,,,,,,,,,,,,
*,EMUM0238,KARURUMO-2----FIELD,KARURUMO-2----BASELINE,-0.46667,37.65000,KERU,KAVA425021,2011-10-05,MAZ,25,1000,,1500.0,,,,,,,,,,,,,
*,EMUM0239,KARURUMO-2----FIELD,KARURUMO-1----BASELINE,-0.46667,37.65000,KERU,KAVA425021,2011-10-15,MAZ,45,1000,,1200.0,,,,,,,,,,,,,
*,EMUM0240,KARURUMO-5----FIELD,KARURUMO-1----BASELINE,-0.46667,37.65000,KERU,KAVG425021,2011-10-15,MAZ,15,1000,,658.5,,,,,,,,,,,,,
*,EMUM0241,KARURUMO-11----FIELD,KARURUMO-2----BASELINE,-0.46667,37.65000,KERU,KAVG425021,2011-10-05,MAZ,35,0,,2634.1,,,,,,,,,,,,,
*,EMUM0242,KARURUMO-5----FIELD,KARURUMO-1----BASELINE,-0.46667,37.65000,KERU,KAVA425021,2011-10-05,MAZ,65,0,,1125.0,,,,,,,,,,,,,
*,EMUM0243,KARURUMO-5----FIELD,KARURUMO-1----BASELINE,-0.46667,37.65000,KERU,KAVA425021,2011-10-15,MAZ,0,1000,,2634.1,,,,,,,,,,,,,
*,EMUM0244,KARURUMO-5----FIELD,KARURUMO-1----BASELINE,-0.46667,37.65000,KERU,KAVA425021,2011-10-15,MAZ,45,500,,444.4,,,,,,,,,,,,,
*,EMUM0245,KARURUMO-2----FIELD,KARURUMO-1----BASELINE,-0.46667,37.65000,KERU,KAVA425021,2011-10-05,MAZ,25,0,,266.7,,,,,,,,,,,,,
*,EMUM0246,KARURUMO-5----FIELD,KARURUMO-2----BASELINE,-0.46667,37.65000,KERU,KAVG425021,2011-10-15,MAZ,80,0,,1782.2,,,,,,,,,,,,,
*,EMUM0247,KARURUMO-2----FIELD,KARURUMO-2----BASELINE,-0.46667,37.65000,KERU,KAVA425021,2011-10-15,MAZ,65,2000,,1336.6,,,,,,,,,,,,,
*,EMUM0248,KARURUMO-5----FIELD,KARURUMO-1----BASELINE,-0.46667,37.65000,KERU,KAVG425021,2011-10-15,MAZ,25,1000,,2250.0,,,,,,,,,,,,,
*,EMUM0249,KARURUMO-8----FIELD,KARURUMO-2----BASELINE,-0.46667,37.65000,KERU,KAVA425021,2011-10-05,MAZ,80,0,,2250.0,,,,,,,,,,,,,
*,EMUM0250,KARURUMO-5----FIELD,KARURUMO-2----BASELINE,-0.46667,37.65000,KERU,KAVA425021,2011-10-25,MAZ,45,5000,,900.0,,,,,,,,,,,,,
*,EMUM0251,KARURUMO-8----FIELD,KARURUMO-2----BASELINE,-0.46667,37.65000,KERU,KAVA425021,2011-10-15,MAZ,0,500,,225.0,,,,,,,,,,,,,
*,EMUM0252,KARURUMO-2----FIELD,KARURUMO-2----BASELINE,-0.46667,37.65000,KERU,KAVA425021,2011-10-05,MAZ,65,500,,225.0,,,,,,,,,,,,,
*,EMUM0253,KARURUMO-5----FIELD,KARURUMO-2----BASELINE,-0.46667,37.65000,KERU,KAVG425021,2011-10-05,MAZ,55,0,,1575.0,,,,,,,,,,,,,
*,EMUM0254,KARURUMO-5----FIELD,KARURUMO-1----BASELINE,-0.46667,37.65000,KERU,KAVA425021,2011-10-15,MAZ,65,2000,,675.0,,,,,,,,,,,,,
*,EMUM0255,KARURUMO-5----FIELD,KARURUMO-1----BASELINE,-0.46667,37.65000,KERU,KAVG425021,2011-10-05,MAZ,0,2500,,3000.0,,,,,,,,,,,,,
*,EMUM0256,KARURUMO-5----FIELD,KARURUMO-1----BASELINE,-0.46667,37.65000,KERU,KAVA425021,2011-10-25,MAZ,80,0,,1575.0,,,,,,,,,,,,,
*,EMUM0257,KARURUMO-8----FIELD,KARURUMO-2----BASELINE,-0.46667,37.65000,KERU,KAVG425021,2011-10-15,MAZ,35,2500,,900.0,,,,,,,,,,,,,
*,EMUM0258,KARURUMO-2----FIELD,KARURUMO-2----BASELINE,-0.46667,37.65000,KERU,KAVA425021,2011-10-15,MAZ,25,0,,900.0,,,,,,,,,,,,,
*,EMUM0259,KARURUMO-2----FIELD,KARURUMO-1----BASELINE,-0.46667,37.65000,KERU,KAVA425021,2011-10-15,MAZ,45,500,,450.0,,,,,,,,,,,,,
*,EMUM0260,KARURUMO-5----FIELD,KARURUMO-1----BASELINE,-0.46667,37.65000,KERU,KAVA425021,2011-10-15,MAZ,80,0,,675.0,,,,,,,,,,,,,
*,EMUM0261,KARURUMO-5----FIELD,KARURUMO-2----BASELINE,-0.46667,37.65000,KERU,KAVA425021,2011-09-05,MAZ,45,0,,2250.0,,,,,,,,,,,,,
*,EMUM0262,KARURUMO-5----FIELD,KARURUMO-2----BASELINE,-0.46667,37.65000,KERU,KAVG425021,2011-10-05,MAZ,45,14500,,600.0,,,,,,,,,,,,,
*,EMUM0263,KARURUMO-5----FIELD,KARURUMO-1----BASELINE,-0.46667,37.65000,KERU,KAVA425021,2011-09-05,MAZ,45,0,,1800.0,,,,,,,,,,,,,
*,EMUM0264,KARURUMO-5----FIELD,KARURUMO-2----BASELINE,-0.46667,37.65000,KERU,KAVG425021,2011-09-05,MAZ,45,0,,787.5,,,,,,,,,,,,,
*,EMUM0265,KARURUMO-2----FIELD,KARURUMO-2----BASELINE,-0.46667,37.65000,KERU,KAVA425021,2011-10-05,MAZ,65,0,,900.0,,,,,,,,,,,,,
*,EMUM0266,KARURUMO-2----FIELD,KARURUMO-2----BASELINE,-0.46667,37.65000,KERU,KAVG425021,2011-10-05,MAZ,65,0,,2250.0,,,,,,,,,,,,,
*,EMUM0267,KARURUMO-5----FIELD,KARURUMO-1----BASELINE,-0.46667,37.65000,KERU,KAVP425021,2011-09-05,MAZ,35,1500,,1814.5,,,,,,,,,,,,,
*,EMUM0268,KARURUMO-2----FIELD,KARURUMO-2----BASELINE,-0.46667,37.65000,KERU,KAVA425021,2011-10-25,MAZ,35,0,,642.9,,,,,,,,,,,,,
*,EMUM0269,KARURUMO-2----FIELD,KARURUMO-2----BASELINE,-0.46667,37.65000,KERU,KAVG425021,2011-09-05,MAZ,45,1000,,555.6,,,,,,,,,,,,,
*,EMUM0270,KARURUMO-2----FIELD,KARURUMO-1----BASELINE,-0.46667,37.65000,KERU,KAVG425021,2011-10-15,MAZ,0,10000,,1080.0,,,,,,,,,,,,,
*,EMUM0271,KARURUMO-5----FIELD,KARURUMO-1----BASELINE,-0.46667,37.65000,KERU,KAVG425021,2011-10-15,MAZ,55,0,,2316.8,,,,,,,,,,,,,
*,EMUM0272,KARURUMO-2----FIELD,KARURUMO-2----BASELINE,-0.46667,37.65000,KERU,KAVA425021,2011-10-25,MAZ,25,10000,,900.0,,,,,,,,,,,,,
*,EMUM0273,KARURUMO-5----FIELD,KARURUMO-1----BASELINE,-0.46667,37.65000,KERU,KAVG425021,2011-10-05,MAZ,35,4500,,1350.0,,,,,,,,,,,,,
*,EMUM0274,KARURUMO-5----FIELD,KARURUMO-2----BASELINE,-0.46667,37.65000,KERU,KAVA425021,2011-10-05,MAZ,80,0,,1800.0,,,,,,,,,,,,,
*,EMUM0275,KARURUMO-5----FIELD,KARURUMO-2----BASELINE,-0.46667,37.65000,KERU,KAVA425021,2011-10-05,MAZ,65,6000,,300.0,,,,,,,,,,,,,
*,EMUM0276,KARURUMO-2----FIELD,KARURUMO-2----BASELINE,-0.46667,37.65000,KERU,KAVA425021,2011-10-05,MAZ,0,0,,222.2,,,,,,,,,,,,,
*,EMUM0277,KARURUMO-5----FIELD,KARURUMO-2----BASELINE,-0.46667,37.65000,KERU,KAVP425021,2011-11-05,MAZ,0,0,,180.0,,,,,,,,,,,,,
*,EMUM0171,KARURUMO-5----FIELD,KARURUMO-4----BASELINE,-0.46667,37.65000,KERU,KAVA425021,2011-10-15,MAZ,45,1000,,,,,,,,,,,,,,,
*,EMUM0172,KARURUMO-3----FIELD,KARURUMO-4----BASELINE,-0.46667,37.65000,KERU,KAVA425021,2011-10-15,MAZ,15,0,,,,,,,,,,,,,,,
*,EMUM0173,KARURUMO-5----FIELD,KARURUMO-4----BASELINE,-0.46667,37.65000,KERU,KAVA425021,2011-10-15,MAZ,35,0,,,,,,,,,,,,,,,
*,EMUM0174,KARURUMO-5----FIELD,KARURUMO-4----BASELINE,-0.46667,37.65000,KERU,KAVA425021,2011-10-05,MAZ,0,0,,,,,,,,,,,,,,,
*,EMUM0175,KARURUMO-3----FIELD,KARURUMO-5----BASELINE,-0.46667,37.65000,KERU,KAVA425021,2011-10-25,MAZ,35,0,,,,,,,,,,,,,,,
*,EMUM0176,KARURUMO-5----FIELD,KARURUMO-4----BASELINE,-0.46667,37.65000,KERU,KAVA425021,2011-10-15,MAZ,15,0,,,,,,,,,,,,,,,
*,EMUM0177,KARURUMO-3----FIELD,KARURUMO-4----BASELINE,-0.46667,37.65000,KERU,KAVA425021,2011-10-05,MAZ,35,0,,,,,,,,,,,,,,,
*,EMUM0178,KARURUMO-5----FIELD,KARURUMO-4----BASELINE,-0.46667,37.65000,KERU,KAVA425021,2011-10-05,MAZ,25,0,,,,,,,,,,,,,,,
*,EMUM0179,KARURUMO-5----FIELD,KARURUMO-4----BASELINE,-0.46667,37.65000,KERU,KAVA425021,2011-09-05,MAZ,25,0,,,,,,,,,,,,,,,
*,EMUM0180,KARURUMO-5----FIELD,KARURUMO-4----BASELINE,-0.46667,37.65000,KERU,KAVA425021,2011-10-15,MAZ,15,0,,,,,,,,,,,,,,,
*,EMUM0181,KARURUMO-5----FIELD,KARURUMO-4----BASELINE,-0.46667,37.65000,KERU,KAVA425021,2011-10-15,MAZ,35,500,,,,,,,,,,,,,,,
*,EMUM0182,KARURUMO-2----FIELD,KARURUMO-4----BASELINE,-0.46667,37.65000,KERU,KAVG425021,2011-10-15,MAZ,15,1000,,,,,,,,,,,,,,,
*,EMUM0183,KARURUMO-6----FIELD,KARURUMO-4----BASELINE,-0.46667,37.65000,KERU,KAVA425021,2011-10-05,MAZ,25,0,,,,,,,,,,,,,,,
*,EMUM0184,KARURUMO-3----FIELD,KARURUMO-4----BASELINE,-0.46667,37.65000,KERU,KAVA425021,2011-10-05,MAZ,25,0,,,,,,,,,,,,,,,
*,EMUM0185,KARURUMO-6----FIELD,KARURUMO-4----BASELINE,-0.46667,37.65000,KERU,KAVG425021,2011-10-15,MAZ,35,0,,,,,,,,,,,,,,,
*,EMUM0186,KARURUMO-5----FIELD,KARURUMO-5----BASELINE,-0.46667,37.65000,KERU,KAVG425021,2011-10-15,MAZ,45,0,,,,,,,,,,,,,,,
*,EMUM0187,KARURUMO-6----FIELD,KARURUMO-4----BASELINE,-0.46667,37.65000,KERU,KAVG425021,2011-09-05,MAZ,15,0,,,,,,,,,,,,,,,
*,EMUM0188,KARURUMO-5----FIELD,KARURUMO-4----BASELINE,-0.46667,37.65000,KERU,KAVA425021,2011-10-15,MAZ,35,0,,,,,,,,,,,,,,,
*,EMUM0189,KARURUMO-4----FIELD,KARURUMO-5----BASELINE,-0.46667,37.65000,KERU,KAVA425021,2011-09-05,MAZ,0,2500,,,,,,,,,,,,,,,
*,EMUM0190,KARURUMO-1----FIELD,KARURUMO-5----BASELINE,-0.46667,37.65000,KERU,KAVA425021,2011-09-05,MAZ,0,1000,,,,,,,,,,,,,,,
*,EMUM0191,KARURUMO-7----FIELD,KARURUMO-5----BASELINE,-0.46667,37.65000,KERU,KAVG425021,2011-10-15,MAZ,0,0,,,,,,,,,,,,,,,
*,EMUM0192,KARURUMO-4----FIELD,KARURUMO-4----BASELINE,-0.46667,37.65000,KERU,KAVG425021,2011-10-05,MAZ,15,0,,,,,,,,,,,,,,,
*,EMUM0193,KARURUMO-4----FIELD,KARURUMO-5----BASELINE,-0.46667,37.65000,KERU,KAVA425021,2011-10-05,MAZ,0,0,,,,,,,,,,,,,,,
*,EMUM0194,KARURUMO-1----FIELD,KARURUMO-5----BASELINE,-0.46667,37.65000,KERU,KAVA425021,2011-09-05,MAZ,35,0,,,,,,,,,,,,,,,
*,EMUM0195,KARURUMO-1----FIELD,KARURUMO-4----BASELINE,-0.46667,37.65000,KERU,KAVA425021,2011-10-05,MAZ,35,0,,,,,,,,,,,,,,,
*,EMUM0196,KARURUMO-1----FIELD,KARURUMO-4----BASELINE,-0.46667,37.65000,KERU,KAVG425021,2011-10-05,MAZ,65,0,,,,,,,,,,,,,,,
*,EMUM0197,KARURUMO-4----FIELD,KARURUMO-4----BASELINE,-0.46667,37.65000,KERU,KAVA425021,2011-10-05,MAZ,35,0,,,,,,,,,,,,,,,
*,EMUM0198,KARURUMO-10----FIELD,KARURUMO-5----BASELINE,-0.46667,37.65000,KERU,KAVA425021,2011-10-15,MAZ,0,0,,,,,,,,,,,,,,,
*,EMUM0199,KARURUMO-10----FIELD,KARURUMO-5----BASELINE,-0.46667,37.65000,KERU,KAVA425021,2011-10-25,MAZ,0,1000,,,,,,,,,,,,,,,
*,EMUM0200,KARURUMO-4----FIELD,KARURUMO-5----BASELINE,-0.46667,37.65000,KERU,KAVA425021,2011-09-05,MAZ,0,0,,,,,,,,,,,,,,,
*,EMUM0201,KARURUMO-4----FIELD,KARURUMO-4----BASELINE,-0.46667,37.65000,KERU,KAVP425021,2011-10-15,MAZ,35,500,,,,,,,,,,,,,,,
*,EMUM0202,KARURUMO-1----FIELD,KARURUMO-4----BASELINE,-0.46667,37.65000,KERU,KAVG425021,2011-10-15,MAZ,45,0,,,,,,,,,,,,,,,
*,EMUM0203,KARURUMO-1----FIELD,KARURUMO-5----BASELINE,-0.46667,37.65000,KERU,KAVG425021,2011-10-05,MAZ,0,1000,,,,,,,,,,,,,,,
*,EMUM0204,KARURUMO-4----FIELD,KARURUMO-5----BASELINE,-0.46667,37.65000,KERU,KAVA425021,2011-10-05,MAZ,45,0,,,,,,,,,,,,,,,
*,EMUM0205,KARURUMO-6----FIELD,KARURUMO-4----BASELINE,-0.46667,37.65000,KERU,KAVA425021,2011-10-15,MAZ,35,0,,,,,,,,,,,,,,,
*,EMUM0206,KARURUMO-4----FIELD,KARURUMO-5----BASELINE,-0.46667,37.65000,KERU,KAVG425021,2011-10-05,MAZ,45,0,,,,,,,,,,,,,,,
*,EMUM0207,KARURUMO-4----FIELD,KARURUMO-4----BASELINE,-0.46667,37.65000,KERU,KAVA425021,2011-10-05,MAZ,15,0,,,,,,,,,,,,,,,
*,EMUM0208,KARURUMO-4----FIELD,KARURUMO-4----BASELINE,-0.46667,37.65000,KERU,KAVG425021,2011-10-25,MAZ,0,0,,,,,,,,,,,,,,,
*,EMUM0209,KARURUMO-4----FIELD,KARURUMO-5----BASELINE,-0.46667,37.65000,KERU,KAVA425021,2011-10-05,MAZ,15,0,,,,,,,,,,,,,,,
*,EMUM0210,KARURUMO-1----FIELD,KARURUMO-4----BASELINE,-0.46667,37.65000,KERU,KAVA425021,2011-10-05,MAZ,45,1000,,,,,,,,,,,,,,,
*,EMUM0211,KARURUMO-5----FIELD,KARURUMO-4----BASELINE,-0.46667,37.65000,KERU,KAVP425021,2011-10-05,MAZ,35,0,,,,,,,,,,,,,,,
*,EMUM0212,KARURUMO-5----FIELD,KARURUMO-4----BASELINE,-0.46667,37.65000,KERU,KAVA425021,2011-10-05,MAZ,0,1000,,,,,,,,,,,,,,,
*,EMUM0213,KARURUMO-5----FIELD,KARURUMO-4----BASELINE,-0.46667,37.65000,KERU,KAVA425021,2011-10-15,MAZ,55,500,,,,,,,,,,,,,,,
*,EMUM0214,KARURUMO-4----FIELD,KARURUMO-4----BASELINE,-0.46667,37.65000,KERU,KAVA425021,2011-10-15,MAZ,15,1500,,,,,,,,,,,,,,,
*,EMUM0215,KARURUMO-10----FIELD,KARURUMO-4----BASELINE,-0.46667,37.65000,KERU,KAVA425021,2011-10-15,MAZ,0,0,,,,,,,,,,,,,,,
*,EMUM0216,KARURUMO-2----FIELD,KARURUMO-5----BASELINE,-0.46667,37.65000,KERU,KAVA425021,2011-10-15,MAZ,35,0,,,,,,,,,,,,,,,
*,EMUM0217,KARURUMO-2----FIELD,KARURUMO-5----BASELINE,-0.46667,37.65000,KERU,KAVG425021,2011-10-05,MAZ,45,0,,,,,,,,,,,,,,,
*,EMUM0218,KARURUMO-4----FIELD,KARURUMO-4----BASELINE,-0.46667,37.65000,KERU,KAVA425021,2011-09-05,MAZ,35,2500,,,,,,,,,,,,,,,
*,EMUM0219,KARURUMO-1----FIELD,KARURUMO-5----BASELINE,-0.46667,37.65000,KERU,KAVA425021,2011-10-05,MAZ,15,0,,,,,,,,,,,,,,,
*,EMUM0220,KARURUMO-1----FIELD,KARURUMO-5----BASELINE,-0.46667,37.65000,KERU,KAVA425021,2011-10-15,MAZ,0,0,,,,,,,,,,,,,,,
*,EMUM0221,KARURUMO-2----FIELD,KARURUMO-4----BASELINE,-0.46667,37.65000,KERU,KAVA425021,2011-10-05,MAZ,15,500,,,,,,,,,,,,,,,
*,EMUM0222,KARURUMO-4----FIELD,KARURUMO-4----BASELINE,-0.46667,37.65000,KERU,KAVA425021,2011-10-05,MAZ,65,0,,,,,,,,,,,,,,,
*,EMUM0223,KARURUMO-11----FIELD,KARURUMO-5----BASELINE,-0.46667,37.65000,KERU,KAVG425021,2011-10-15,MAZ,55,2500,,,,,,,,,,,,,,,
*,EMUM0224,KARURUMO-3----FIELD,KARURUMO-4----BASELINE,-0.46667,37.65000,KERU,KAVG425021,2011-10-05,MAZ,55,0,,,,,,,,,,,,,,,
*,EMUM0225,KARURUMO-11----FIELD,KARURUMO-4----BASELINE,-0.46667,37.65000,KERU,KAVA425021,2011-09-05,MAZ,80,0,,,,,,,,,,,,,,,
*,EMUM0226,KARURUMO-1----FIELD,KARURUMO-5----BASELINE,-0.46667,37.65000,KERU,KAVA425021,2011-10-05,MAZ,35,0,,,,,,,,,,,,,,,
*,EMUM0227,KARURUMO-5----FIELD,KARURUMO-4----BASELINE,-0.46667,37.65000,KERU,KAVA425021,2011-09-05,MAZ,25,0,,,,,,,,,,,,,,,
*,EMUM0228,KARURUMO-4----FIELD,KARURUMO-4----BASELINE,-0.46667,37.65000,KERU,KAVA425021,2011-10-25,MAZ,25,0,,,,,,,,,,,,,,,
*,EMUM0229,KARURUMO-2----FIELD,KARURUMO-4----BASELINE,-0.46667,37.65000,KERU,KAVG425021,2011-10-15,MAZ,35,0,,,,,,,,,,,,,,,
*,EMUM0230,KARURUMO-5----FIELD,KARURUMO-4----BASELINE,-0.46667,37.65000,KERU,KAVA425021,2011-09-05,MAZ,0,0,,,,,,,,,,,,,,,
*,EMUM0231,KARURUMO-4----FIELD,KARURUMO-5----BASELINE,-0.46667,37.65000,KERU,KAVG425021,2011-10-15,MAZ,80,0,,,,,,,,,,,,,,,
*,EMUM0232,KARURUMO-4----FIELD,KARURUMO-5----BASELINE,-0.46667,37.65000,KERU,KAVA425021,2011-10-15,MAZ,0,0,,,,,,,,,,,,,,,
*,EMUM0233,KARURUMO-5----FIELD,KARURUMO-5----BASELINE,-0.46667,37.65000,KERU,KAVA425021,2011-10-15,MAZ,15,0,,,,,,,,,,,,,,,
*,EMUM0234,KARURUMO-4----FIELD,KARURUMO-5----BASELINE,-0.46667,37.65000,KERU,KAVA425021,2011-10-15,MAZ,65,500,,,,,,,,,,,,,,,
*,EMUM0235,KARURUMO-2----FIELD,KARURUMO-4----BASELINE,-0.46667,37.65000,KERU,KAVA425021,2011-10-25,MAZ,25,500,,,,,,,,,,,,,,,
*,EMUM0236,KARURUMO-5----FIELD,KARURUMO-4----BASELINE,-0.46667,37.65000,KERU,KAVG425021,2011-09-05,MAZ,80,0,,,,,,,,,,,,,,,
*,EMUM0237,KARURUMO-2----FIELD,KARURUMO-4----BASELINE,-0.46667,37.65000,KERU,KAVA425021,2011-10-05,MAZ,80,0,,,,,,,,,,,,,,,
*,EMUM0238,KARURUMO-1----FIELD,KARURUMO-5----BASELINE,-0.46667,37.65000,KERU,KAVG425021,2011-10-05,MAZ,25,2500,,,,,,,,,,,,,,,
*,EMUM0239,KARURUMO-2----FIELD,KARURUMO-4----BASELINE,-0.46667,37.65000,KERU,KAVA425021,2011-10-15,MAZ,45,1000,,,,,,,,,,,,,,,
*,EMUM0240,KARURUMO-5----FIELD,KARURUMO-4----BASELINE,-0.46667,37.65000,KERU,KAVG425021,2011-10-15,MAZ,45,0,,,,,,,,,,,,,,,
*,EMUM0241,KARURUMO-11----FIELD,KARURUMO-5----BASELINE,-0.46667,37.65000,KERU,KAVA425021,2011-10-05,MAZ,35,1500,,,,,,,,,,,,,,,
*,EMUM0242,KARURUMO-5----FIELD,KARURUMO-4----BASELINE,-0.46667,37.65000,KERU,KAVA425021,2011-10-05,MAZ,65,0,,,,,,,,,,,,,,,
*,EMUM0243,KARURUMO-5----FIELD,KARURUMO-4----BASELINE,-0.46667,37.65000,KERU,KAVA425021,2011-10-15,MAZ,45,0,,,,,,,,,,,,,,,
*,EMUM0244,KARURUMO-5----FIELD,KARURUMO-4----BASELINE,-0.46667,37.65000,KERU,KAVA425021,2011-10-15,MAZ,25,1000,,,,,,,,,,,,,,,
*,EMUM0245,KARURUMO-2----FIELD,KARURUMO-4----BASELINE,-0.46667,37.65000,KERU,KAVG425021,2011-10-05,MAZ,25,500,,,,,,,,,,,,,,,
*,EMUM0246,KARURUMO-4----FIELD,KARURUMO-5----BASELINE,-0.46667,37.65000,KERU,KAVA425021,2011-10-15,MAZ,35,0,,,,,,,,,,,,,,,
*,EMUM0247,KARURUMO-2----FIELD,KARURUMO-5----BASELINE,-0.46667,37.65000,KERU,KAVG425021,2011-10-15,MAZ,45,0,,,,,,,,,,,,,,,
*,EMUM0248,KARURUMO-5----FIELD,KARURUMO-4----BASELINE,-0.46667,37.65000,KERU,KAVA425021,2011-10-15,MAZ,25,0,,,,,,,,,,,,,,,
*,EMUM0249,KARURUMO-4----FIELD,KARURUMO-5----BASELINE,-0.46667,37.65000,KERU,KAVG425021,2011-10-05,MAZ,45,1000,,,,,,,,,,,,,,,
*,EMUM0250,KARURUMO-5----FIELD,KARURUMO-5----BASELINE,-0.46667,37.65000,KERU,KAVP425021,2011-10-25,MAZ,35,0,,,,,,,,,,,,,,,
*,EMUM0251,KARURUMO-3----FIELD,KARURUMO-5----BASELINE,-0.46667,37.65000,KERU,KAVA425021,2011-10-15,MAZ,45,5000,,,,,,,,,,,,,,,
*,EMUM0252,KARURUMO-1----FIELD,KARURUMO-5----BASELINE,-0.46667,37.65000,KERU,KAVG425021,2011-10-05,MAZ,65,0,,,,,,,,,,,,,,,
*,EMUM0253,KARURUMO-6----FIELD,KARURUMO-5----BASELINE,-0.46667,37.65000,KERU,KAVG425021,2011-10-05,MAZ,55,500,,,,,,,,,,,,,,,
*,EMUM0254,KARURUMO-4----FIELD,KARURUMO-4----BASELINE,-0.46667,37.65000,KERU,KAVG425021,2011-10-15,MAZ,45,0,,,,,,,,,,,,,,,
*,EMUM0255,KARURUMO-5----FIELD,KARURUMO-4----BASELINE,-0.46667,37.65000,KERU,KAVA425021,2011-10-05,MAZ,45,1500,,,,,,,,,,,,,,,
*,EMUM0256,KARURUMO-6----FIELD,KARURUMO-4----BASELINE,-0.46667,37.65000,KERU,KAVG425021,2011-10-25,MAZ,65,1500,,,,,,,,,,,,,,,
*,EMUM0257,KARURUMO-8----FIELD,KARURUMO-5----BASELINE,-0.46667,37.65000,KERU,KAVA425021,2011-10-15,MAZ,35,0,,,,,,,,,,,,,,,
*,EMUM0258,KARURUMO-2----FIELD,KARURUMO-5----BASELINE,-0.46667,37.65000,KERU,KAVA425021,2011-10-15,MAZ,25,0,,,,,,,,,,,,,,,
*,EMUM0259,KARURUMO-3----FIELD,KARURUMO-4----BASELINE,-0.46667,37.65000,KERU,KAVA425021,2011-10-15,MAZ,35,0,,,,,,,,,,,,,,,
*,EMUM0260,KARURUMO-5----FIELD,KARURUMO-4----BASELINE,-0.46667,37.65000,KERU,KAVP425021,2011-10-15,MAZ,65,500,,,,,,,,,,,,,,,
*,EMUM0261,KARURUMO-5----FIELD,KARURUMO-5----BASELINE,-0.46667,37.65000,KERU,KAVA425021,2011-09-05,MAZ,45,0,,,,,,,,,,,,,,,
*,EMUM0262,KARURUMO-6----FIELD,KARURUMO-5----BASELINE,-0.46667,37.65000,KERU,KAVA425021,2011-10-05,MAZ,65,0,,,,,,,,,,,,,,,
*,EMUM0263,KARURUMO-5----FIELD,KARURUMO-4----BASELINE,-0.46667,37.65000,KERU,KAVA425021,2011-09-05,MAZ,35,0,,,,,,,,,,,,,,,
*,EMUM0264,KARURUMO-5----FIELD,KARURUMO-5----BASELINE,-0.46667,37.65000,KERU,KAVG425021,2011-09-05,MAZ,15,0,,,,,,,,,,,,,,,
*,EMUM0265,KARURUMO-2----FIELD,KARURUMO-5----BASELINE,-0.46667,37.65000,KERU,KAVG425021,2011-10-05,MAZ,65,0,,,,,,,,,,,,,,,
*,EMUM0266,KARURUMO-4----FIELD,KARURUMO-5----BASELINE,-0.46667,37.65000,KERU,KAVA425021,2011-10-05,MAZ,45,0,,,,,,,,,,,,,,,
*,EMUM0267,KARURUMO-5----FIELD,KARURUMO-4----BASELINE,-0.46667,37.65000,KERU,KAVA425021,2011-09-05,MAZ,35,0,,,,,,,,,,,,,,,
*,EMUM0268,KARURUMO-2----FIELD,KARURUMO-5----BASELINE,-0.46667,37.65000,KERU,KAVG425021,2011-10-25,MAZ,35,1000,,,,,,,,,,,,,,,
*,EMUM0269,KARURUMO-2----FIELD,KARURUMO-5----BASELINE,-0.46667,37.65000,KERU,KAVA425021,2011-09-05,MAZ,35,0,,,,,,,,,,,,,,,
*,EMUM0270,KARURUMO-2----FIELD,KARURUMO-4----BASELINE,-0.46667,37.65000,KERU,KAVG425021,2011-10-15,MAZ,0,1000,,,,,,,,,,,,,,,
*,EMUM0271,KARURUMO-5----FIELD,KARURUMO-4----BASELINE,-0.46667,37.65000,KERU,KAVA425021,2011-10-15,MAZ,55,500,,,,,,,,,,,,,,,
*,EMUM0272,KARURUMO-2----FIELD,KARURUMO-5----BASELINE,-0.46667,37.65000,KERU,KAVA425021,2011-10-25,MAZ,45,1000,,,,,,,,,,,,,,,
*,EMUM0273,KARURUMO-5----FIELD,KARURUMO-4----BASELINE,-0.46667,37.65000,KERU,KAVG425021,2011-10-05,MAZ,35,10000,,,,,,,,,,,,,,,
*,EMUM0274,KARURUMO-5----FIELD,KARURUMO-5----BASELINE,-0.46667,37.65000,KERU,KAVG425021,2011-10-05,MAZ,65,5000,,,,,,,,,,,,,,,
*,EMUM0275,KARURUMO-6----FIELD,KARURUMO-5----BASELINE,-0.46667,37.65000,KERU,KAVG425021,2011-10-05,MAZ,65,0,,,,,,,,,,,,,,,
*,EMUM0276,KARURUMO-10----FIELD,KARURUMO-5----BASELINE,-0.46667,37.65000,KERU,KAVG425021,2011-10-05,MAZ,0,0,,,,,,,,,,,,,,,
*,EMUM0277,KARURUMO-5----FIELD,KARURUMO-5----BASELINE,-0.46667,37.65000,KERU,KAVA425021,2011-11-05,MAZ,0,0,,,,,,,,,,,,,,,