#,EXNAME,FIELD_OVERLAY,SEASONAL_STRATEGY,FL_LAT,FL_LONG,WST_ID,SOIL_ID,PDATE,CRID,FEN_TOT,OM_TOT,HDATE,HWAH,BWAH,TR_NOTES,,,,,,,,,,,
*,EMUM0278,ISHIARA-4----FIELD,ISHIARA-1----BASELINE,-0.45478,37.78487,KESH,GACG325021,2011-10-05,MAZ,0,0,,270.0,,,,,,,,,,,,,
*,EMUM0279,ISHIARA-1----FIELD,ISHIARA-1----BASELINE,-0.45478,37.78487,KESH,GACP325021,2011-11-05,MAZ,0,1000,,180.0,,,,,,,,,,,,,
*,EMUM0280,ISHIARA-4----FIELD,ISHIARA-3----BASELINE,-0.45478,37.78487,KESH,GACP325021,2011-11-05,MAZ,0,0,,180.0,,,,,,,,,,,,,
*,EMUM0281,ISHIARA-4----FIELD,ISHIARA-1----BASELINE,-0.45478,37.78487,KESH,GACA325021,2011-11-05,MAZ,0,0,,180.0,,,,,,,,,,,,,
*,EMUM0282,ISHIARA-4----FIELD,ISHIARA-3----BASELINE,-0.45478,37.78487,KESH,GACA325021,2011-11-05,MAZ,0,0,,180.0,,,,,,,,,,,,,
*,EMUM0283,ISHIARA-4----FIELD,ISHIARA-3----BASELINE,-0.45478,37.78487,KESH,GACA325021,2011-11-05,MAZ,0,0,,360.0,,,,,,,,,,,,,
*,EMUM0284,ISHIARA-4----FIELD,ISHIARA-3----BASELINE,-0.45478,37.78487,KESH,GACA325021,2011-11-05,MAZ,15,0,,737.7,,,,,,,,,,,,,
*,EMUM0285,ISHIARA-4----FIELD,ISHIARA-3----BASELINE,-0.45478,37.78487,KESH,GACA325021,2011-11-05,MAZ,25,0,,960.0,,,,,,,,,,,,,
*,EMUM0286,ISHIARA-4----FIELD,ISHIARA-3----BASELINE,-0.45478,37.78487,KESH,GACA325021,2011-10-05,MAZ,0,150,,630.0,,,,,,,,,,,,,
*,EMUM0287,ISHIARA-4----FIELD,ISHIARA-3----BASELINE,-0.45478,37.78487,KESH,GACP325021,2011-11-05,MAZ,15,5,,666.7,,,,,,,,,,,,,
*,EMUM0288,ISHIARA-4----FIELD,ISHIARA-3----BASELINE,-0.45478,37.78487,KESH,GACA325021,2011-10-05,MAZ,15,0,,740.7,,,,,,,,,,,,,
*,EMUM0289,ISHIARA-4----FIELD,ISHIARA-1----BASELINE,-0.45478,37.78487,KESH,GACP325021,2011-10-05,MAZ,15,0,,1480.0,,,,,,,,,,,,,
*,EMUM0290,ISHIARA-1----FIELD,ISHIARA-3----BASELINE,-0.45478,37.78487,KESH,GACA325021,2011-09-05,MAZ,35,0,,1050.0,,,,,,,,,,,,,
*,EMUM0291,ISHIARA-4----FIELD,ISHIARA-1----BASELINE,-0.45478,37.78487,KESH,GACA325021,2011-10-25,MAZ,35,20000,,337.5,,,,,,,,,,,,,
*,EMUM0292,ISHIARA-4----FIELD,ISHIARA-1----BASELINE,-0.45478,37.78487,KESH,GACA325021,2011-09-05,MAZ,0,50,,350.0,,,,,,,,,,,,,
*,EMUM0293,ISHIARA-4----FIELD,ISHIARA-1----BASELINE,-0.45478,37.78487,KESH,GACA325021,2011-10-15,MAZ,25,0,,325.0,,,,,,,,,,,,,
*,EMUM0294,ISHIARA-4----FIELD,ISHIARA-2----BASELINE,-0.45478,37.78487,KESH,GACA325021,2011-10-05,MAZ,15,250,,400.0,,,,,,,,,,,,,
*,EMUM0295,ISHIARA-1----FIELD,ISHIARA-1----BASELINE,-0.45478,37.78487,KESH,GACG325021,2011-10-15,MAZ,35,0,,850.0,,,,,,,,,,,,,
*,EMUM0296,ISHIARA-4----FIELD,ISHIARA-2----BASELINE,-0.45478,37.78487,KESH,GACP325021,2011-10-05,MAZ,15,0,,592.1,,,,,,,,,,,,,
*,EMUM0297,ISHIARA-1----FIELD,ISHIARA-1----BASELINE,-0.45478,37.78487,KESH,GACA325021,2011-10-05,MAZ,15,0,,666.7,,,,,,,,,,,,,
*,EMUM0298,ISHIARA-1----FIELD,ISHIARA-2----BASELINE,-0.45478,37.78487,KESH,GACA325021,2011-10-05,MAZ,0,1750,,1080.0,,,,,,,,,,,,,
*,EMUM0299,ISHIARA-4----FIELD,ISHIARA-1----BASELINE,-0.45478,37.78487,KESH,GACG325021,2011-10-05,MAZ,25,60,,530.9,,,,,,,,,,,,,
*,EMUM0300,ISHIARA-1----FIELD,ISHIARA-1----BASELINE,-0.45478,37.78487,KESH,GACP325021,2011-10-05,MAZ,25,500,,1491.8,,,,,,,,,,,,,
*,EMUM0301,ISHIARA-1----FIELD,ISHIARA-1----BASELINE,-0.45478,37.78487,KESH,GACA325021,2011-10-25,MAZ,25,0,,639.3,,,,,,,,,,,,,
*,EMUM0302,ISHIARA-4----FIELD,ISHIARA-1----BASELINE,-0.45478,37.78487,KESH,GACA325021,2011-09-05,MAZ,25,500,,683.3,,,,,,,,,,,,,
*,EMUM0303,ISHIARA-1----FIELD,ISHIARA-1----BASELINE,-0.45478,37.78487,KESH,GACA325021,2011-10-05,MAZ,0,3500,,900.0,,,,,,,,,,,,,
*,EMUM0304,ISHIARA-1----FIELD,ISHIARA-2----BASELINE,-0.45478,37.78487,KESH,GACA325021,2011-10-15,MAZ,15,0,,745.0,,,,,,,,,,,,,
*,EMUM0305,ISHIARA-1----FIELD,ISHIARA-1----BASELINE,-0.45478,37.78487,KESH,GACG325021,2011-10-15,MAZ,25,0,,1800.0,,,,,,,,,,,,,
*,EMUM0306,ISHIARA-4----FIELD,ISHIARA-1----BASELINE,-0.45478,37.78487,KESH,GACP325021,2011-09-05,MAZ,55,0,,725.0,,,,,,,,,,,,,
*,EMUM0307,ISHIARA-1----FIELD,ISHIARA-2----BASELINE,-0.45478,37.78487,KESH,GACA325021,2011-10-05,MAZ,45,10000,,257.1,,,,,,,,,,,,,
*,EMUM0308,ISHIARA-4----FIELD,ISHIARA-2----BASELINE,-0.45478,37.78487,KESH,GACG325021,2011-10-15,MAZ,15,375,,1529.4,,,,,,,,,,,,,
*,EMUM0309,ISHIARA-1----FIELD,ISHIARA-1----BASELINE,-0.45478,37.78487,KESH,GACP325021,2011-10-15,MAZ,80,0,,500.0,,,,,,,,,,,,,
*,EMUM0310,ISHIARA-1----FIELD,ISHIARA-1----BASELINE,-0.45478,37.78487,KESH,GACA325021,2011-10-05,MAZ,15,25,,900.0,,,,,,,,,,,,,
*,EMUM0311,ISHIARA-4----FIELD,ISHIARA-2----BASELINE,-0.45478,37.78487,KESH,GACG325021,2011-10-15,MAZ,25,0,,100.0,,,,,,,,,,,,,
*,EMUM0312,ISHIARA-1----FIELD,ISHIARA-2----BASELINE,-0.45478,37.78487,KESH,GACP325021,2011-10-05,MAZ,25,500,,720.0,,,,,,,,,,,,,
*,EMUM0313,ISHIARA-1----FIELD,ISHIARA-1----BASELINE,-0.45478,37.78487,KESH,GACP325021,2011-09-05,MAZ,55,1500,,160.0,,,,,,,,,,,,,
*,EMUM0314,ISHIARA-4----FIELD,ISHIARA-2----BASELINE,-0.45478,37.78487,KESH,GACA325021,2011-10-05,MAZ,15,200,,1800.0,,,,,,,,,,,,,
*,EMUM0315,ISHIARA-4----FIELD,ISHIARA-1----BASELINE,-0.45478,37.78487,KESH,GACA325021,2011-10-05,MAZ,45,20,,720.0,,,,,,,,,,,,,
*,EMUM0316,ISHIARA-1----FIELD,ISHIARA-1----BASELINE,-0.45478,37.78487,KESH,GACP325021,2011-10-05,MAZ,45,0,,1620.0,,,,,,,,,,,,,
*,EMUM0317,ISHIARA-4----FIELD,ISHIARA-1----BASELINE,-0.45478,37.78487,KESH,GACA325021,2011-09-05,MAZ,80,5,,667.2,,,,,,,,,,,,,
*,EMUM0318,ISHIARA-4----FIELD,ISHIARA-1----BASELINE,-0.45478,37.78487,KESH,GACA325021,2011-09-05,MAZ,15,0,,1425.0,,,,,,,,,,,,,
*,EMUM0319,ISHIARA-1----FIELD,ISHIARA-1----BASELINE,-0.45478,37.78487,KESH,GACA325021,2011-10-15,MAZ,55,0,,900.0,,,,,,,,,,,,,
*,EMUM0320,ISHIARA-4----FIELD,ISHIARA-1----BASELINE,-0.45478,37.78487,KESH,GACA325021,2011-11-05,MAZ,15,0,,2250.0,,,,,,,,,,,,,
*,EMUM0321,ISHIARA-4----FIELD,ISHIARA-1----BASELINE,-0.45478,37.78487,KESH,GACA325021,2011-10-05,MAZ,45,7500,,1650.0,,,,,,,,,,,,,
*,EMUM0322,ISHIARA-1----FIELD,ISHIARA-2----BASELINE,-0.45478,37.78487,KESH,GACP325021,2011-11-05,MAZ,0,2250,,900.0,,,,,,,,,,,,,
*,EMUM0323,ISHIARA-4----FIELD,ISHIARA-3----BASELINE,-0.45478,37.78487,KESH,GACA325021,2011-11-05,MAZ,55,1500,,485.0,,,,,,,,,,,,,
*,EMUM0324,ISHIARA-1----FIELD,ISHIARA-1----BASELINE,-0.45478,37.78487,KESH,GACA325021,2011-10-05,MAZ,0,50,,650.0,,,,,,,,,,,,,
*,EMUM0325,ISHIARA-4----FIELD,ISHIARA-3----BASELINE,-0.45478,37.78487,KESH,GACP325021,2011-10-15,MAZ,55,0,,675.0,,,,,,,,,,,,,
*,EMUM0326,ISHIARA-1----FIELD,ISHIARA-3----BASELINE,-0.45478,37.78487,KESH,GACA325021,2011-10-25,MAZ,25,0,,450.0,,,,,,,,,,,,,
*,EMUM0327,ISHIARA-7----FIELD,ISHIARA-1----BASELINE,-0.45478,37.78487,KESH,GACP325021,2011-11-05,MAZ,15,0,,1125.0,,,,,,,,,,,,,
*,EMUM0328,ISHIARA-10----FIELD,ISHIARA-2----BASELINE,-0.45478,37.78487,KESH,GACA325021,2011-10-15,MAZ,45,0,,1350.0,,,,,,,,,,,,,
*,EMUM0329,ISHIARA-4----FIELD,ISHIARA-2----BASELINE,-0.45478,37.78487,KESH,GACG325021,2011-10-15,MAZ,25,2000,,225.0,,,,,,,,,,,,,
*,EMUM0330,ISHIARA-4----FIELD,ISHIARA-3----BASELINE,-0.45478,37.78487,KESH,GACA325021,2011-09-05,MAZ,15,0,,583.3,,,,,,,,,,,,,
*,EMUM0331,ISHIARA-4----FIELD,ISHIARA-2----BASELINE,-0.45478,37.78487,KESH,GACA325021,2011-09-05,MAZ,0,4000,,800.0,,,,,,,,,,,,,
*,EMUM0332,ISHIARA-4----FIELD,ISHIARA-2----BASELINE,-0.45478,37.78487,KESH,GACA325021,2011-10-15,MAZ,45,0,,2700.0,,,,,,,,,,,,,
*,EMUM0333,ISHIARA-4----FIELD,ISHIARA-1----BASELINE,-0.45478,37.78487,KESH,GACA325021,2011-10-15,MAZ,55,0,,2700.0,,,,,,,,,,,,,
*,EMUM0334,ISHIARA-4----FIELD,ISHIARA-1----BASELINE,-0.45478,37.78487,KESH,GACA325021,2011-10-15,MAZ,55,0,,360.0,,,,,,,,,,,,,
*,EMUM0335,ISHIARA-10----FIELD,ISHIARA-2----BASELINE,-0.45478,37.78487,KESH,GACA325021,2011-10-15,MAZ,15,0,,1800.0,,,,,,,,,,,,,
*,EMUM0336,ISHIARA-4----FIELD,ISHIARA-2----BASELINE,-0.45478,37.78487,KESH,GACG325021,2011-11-05,MAZ,65,250,,900.0,,,,,,,,,,,,,
*,EMUM0337,ISHIARA-4----FIELD,ISHIARA-2----BASELINE,-0.45478,37.78487,KESH,GACA325021,2011-10-05,MAZ,55,1500,,450.0,,,,,,,,,,,,,
*,EMUM0338,ISHIARA-4----FIELD,ISHIARA-2----BASELINE,-0.45478,37.78487,KESH,GACA325021,2011-10-05,MAZ,15,0,,2025.0,,,,,,,,,,,,,
*,EMUM0339,ISHIARA-4----FIELD,ISHIARA-3----BASELINE,-0.45478,37.78487,KESH,GACG325021,2011-10-05,MAZ,55,0,,960.0,,,,,,,,,,,,,
*,EMUM0340,ISHIARA-5----FIELD,ISHIARA-1----BASELINE,-0.45478,37.78487,KESH,GACP325021,2011-10-05,MAZ,0,1500,,840.0,,,,,,,,,,,,,
*,EMUM0341,ISHIARA-5----FIELD,ISHIARA-1----BASELINE,-0.45478,37.78487,KESH,GACG325021,2011-10-15,MAZ,35,750,,1350.0,,,,,,,,,,,,,
*,EMUM0342,ISHIARA-5----FIELD,ISHIARA-1----BASELINE,-0.45478,37.78487,KESH,GACG325021,2011-10-05,MAZ,0,0,,450.0,,,,,,,,,,,,,
*,EMUM0343,ISHIARA-2----FIELD,ISHIARA-1----BASELINE,-0.45478,37.78487,KESH,GACG325021,2011-10-15,MAZ,0,0,,800.0,,,,,,,,,,,,,
*,EMUM0344,ISHIARA-5----FIELD,ISHIARA-2----BASELINE,-0.45478,37.78487,KESH,GACA325021,2011-10-15,MAZ,65,0,,937.5,,,,,,,,,,,,,
*,EMUM0345,ISHIARA-5----FIELD,ISHIARA-1----BASELINE,-0.45478,37.78487,KESH,GACA325021,2011-10-15,MAZ,35,0,,300.0,,,,,,,,,,,,,
*,EMUM0346,ISHIARA-11----FIELD,ISHIARA-2----BASELINE,-0.45478,37.78487,KESH,GACA325021,2011-10-05,MAZ,0,0,,1350.0,,,,,,,,,,,,,
*,EMUM0347,ISHIARA-2----FIELD,ISHIARA-2----BASELINE,-0.45478,37.78487,KESH,GACA325021,2011-10-15,MAZ,55,5,,787.5,,,,,,,,,,,,,
*,EMUM0348,ISHIARA-5----FIELD,ISHIARA-2----BASELINE,-0.45478,37.78487,KESH,GACA325021,2011-10-05,MAZ,25,7500,,2700.0,,,,,,,,,,,,,
*,EMUM0349,ISHIARA-5----FIELD,ISHIARA-1----BASELINE,-0.45478,37.78487,KESH,GACA325021,2011-10-15,MAZ,0,250,,400.0,,,,,,,,,,,,,
*,EMUM0350,ISHIARA-2----FIELD,ISHIARA-2----BASELINE,-0.45478,37.78487,KESH,GACA325021,2011-10-05,MAZ,25,300,,1440.0,,,,,,,,,,,,,
*,EMUM0351,ISHIARA-2----FIELD,ISHIARA-1----BASELINE,-0.45478,37.78487,KESH,GACG325021,2011-10-05,MAZ,45,0,,540.0,,,,,,,,,,,,,
*,EMUM0352,ISHIARA-2----FIELD,ISHIARA-2----BASELINE,-0.45478,37.78487,KESH,GACA325021,2011-10-15,MAZ,25,0,,200.0,,,,,,,,,,,,,
*,EMUM0353,ISHIARA-2----FIELD,ISHIARA-1----BASELINE,-0.45478,37.78487,KESH,GACA325021,2011-11-05,MAZ,0,5,,300.0,,,,,,,,,,,,,
*,EMUM0354,ISHIARA-5----FIELD,ISHIARA-1----BASELINE,-0.45478,37.78487,KESH,GACG325021,2011-11-05,MAZ,25,0,,583.3,,,,,,,,,,,,,
*,EMUM0355,ISHIARA-5----FIELD,ISHIARA-2----BASELINE,-0.45478,37.78487,KESH,GACA325021,2011-11-05,MAZ,25,0,,1607.1,,,,,,,,,,,,,
*,EMUM0356,ISHIARA-5----FIELD,ISHIARA-3----BASELINE,-0.45478,37.78487,KESH,GACP325021,2011-10-25,MAZ,0,0,,262.5,,,,,,,,,,,,,
*,EMUM0357,ISHIARA-5----FIELD,ISHIARA-3----BASELINE,-0.45478,37.78487,KESH,GACA325021,2011-10-15,MAZ,35,11000,,2700.0,,,,,,,,,,,,,
*,EMUM0358,ISHIARA-5----FIELD,ISHIARA-3----BASELINE,-0.45478,37.78487,KESH,GACA325021,2011-10-15,MAZ,55,0,,900.0,,,,,,,,,,,,,
*,EMUM0359,ISHIARA-5----FIELD,ISHIARA-2----BASELINE,-0.45478,37.78487,KESH,GACG325021,2011-10-25,MAZ,55,0,,1875.0,,,,,,,,,,,,,
*,EMUM0360,ISHIARA-5----FIELD,ISHIARA-2----BASELINE,-0.45478,37.78487,KESH,GACA325021,2011-10-15,MAZ,45,0,,1800.0,,,,,,,,,,,,,
*,EMUM0361,ISHIARA-5----FIELD,ISHIARA-2----BASELINE,-0.45478,37.78487,KESH,GACA325021,2011-10-15,MAZ,45,0,,1800.0,,,,,,,,,,,,,
*,EMUM0362,ISHIARA-2----FIELD,ISHIARA-2----BASELINE,-0.45478,37.78487,KESH,GACA325021,2011-10-05,MAZ,45,0,,1500.0,,,,,,,,,,,,,
*,EMUM0363,ISHIARA-5----FIELD,ISHIARA-2----BASELINE,-0.45478,37.78487,KESH,GACA325021,2011-09-05,MAZ,45,100,,1800.0,,,,,,,,,,,,,
*,EMUM0364,ISHIARA-5----FIELD,ISHIARA-2----BASELINE,-0.45478,37.78487,KESH,GACA325021,2011-10-15,MAZ,45,0,,370.0,,,,,,,,,,,,,
*,EMUM0365,ISHIARA-6----FIELD,ISHIARA-1----BASELINE,-0.45478,37.78487,KESH,GACA325021,2011-11-05,MAZ,25,3500,,1350.0,,,,,,,,,,,,,
*,EMUM0366,ISHIARA-6----FIELD,ISHIARA-1----BASELINE,-0.45478,37.78487,KESH,GACA325021,2011-11-05,MAZ,45,0,,675.0,,,,,,,,,,,,,
*,EMUM0367,ISHIARA-6----FIELD,ISHIARA-2----BASELINE,-0.45478,37.78487,KESH,GACA325021,2011-11-05,MAZ,55,0,,2250.0,,,,,,,,,,,,,
*,EMUM0368,ISHIARA-6----FIELD,ISHIARA-3----BASELINE,-0.45478,37.78487,KESH,GACA325021,2011-10-25,MAZ,45,0,,0.0,,,,,,,,,,,,,
*,EMUM0278,ISHIARA-4----FIELD,ISHIARA-4----BASELINE,-0.45478,37.78487,KESH,GACG325021,2011-10-05,MAZ,0,0,,270.0,,,,,,,,,,,,,
*,EMUM0279,ISHIARA-1----FIELD,ISHIARA-4----BASELINE,-0.45478,37.78487,KESH,GACP325021,2011-11-05,MAZ,0,0,,180.0,,,,,,,,,,,,,
*,EMUM0280,ISHIARA-4----FIELD,ISHIARA-5----BASELINE,-0.45478,37.78487,KESH,GACP325021,2011-11-05,MAZ,0,0,,180.0,,,,,,,,,,,,,
*,EMUM0281,ISHIARA-4----FIELD,ISHIARA-4----BASELINE,-0.45478,37.78487,KESH,GACA325021,2011-11-05,MAZ,0,0,,180.0,,,,,,,,,,,,,
*,EMUM0282,ISHIARA-4----FIELD,ISHIARA-5----BASELINE,-0.45478,37.78487,KESH,GACA325021,2011-11-05,MAZ,0,0,,180.0,,,,,,,,,,,,,
*,EMUM0283,ISHIARA-4----FIELD,ISHIARA-5----BASELINE,-0.45478,37.78487,KESH,GACA325021,2011-11-05,MAZ,0,0,,360.0,,,,,,,,,,,,,
*,EMUM0284,ISHIARA-4----FIELD,ISHIARA-5----BASELINE,-0.45478,37.78487,KESH,GACA325021,2011-11-05,MAZ,15,0,,737.7,,,,,,,,,,,,,
*,EMUM0285,ISHIARA-4----FIELD,ISHIARA-5----BASELINE,-0.45478,37.78487,KESH,GACA325021,2011-11-05,MAZ,35,0,,960.0,,,,,,,,,,,,,
*,EMUM0286,ISHIARA-5----FIELD,ISHIARA-5----BASELINE,-0.45478,37.78487,KESH,GACA325021,2011-10-05,MAZ,25,0,,630.0,,,,,,,,,,,,,
*,EMUM0287,ISHIARA-4----FIELD,ISHIARA-5----BASELINE,-0.45478,37.78487,KESH,GACP325021,2011-11-05,MAZ,15,500,,666.7,,,,,,,,,,,,,
*,EMUM0288,ISHIARA-4----FIELD,ISHIARA-5----BASELINE,-0.45478,37.78487,KESH,GACA325021,2011-10-05,MAZ,55,0,,740.7,,,,,,,,,,,,,
*,EMUM0289,ISHIARA-10----FIELD,ISHIARA-4----BASELINE,-0.45478,37.78487,KESH,GACP325021,2011-10-05,MAZ,15,0,,1480.0,,,,,,,,,,,,,
*,EMUM0290,ISHIARA-4----FIELD,ISHIARA-5----BASELINE,-0.45478,37.78487,KESH,GACA325021,2011-09-05,MAZ,35,0,,1050.0,,,,,,,,,,,,,
*,EMUM0291,ISHIARA-11----FIELD,ISHIARA-4----BASELINE,-0.45478,37.78487,KESH,GACA325021,2011-10-25,MAZ,55,1000,,337.5,,,,,,,,,,,,,
*,EMUM0292,ISHIARA-4----FIELD,ISHIARA-4----BASELINE,-0.45478,37.78487,KESH,GACA325021,2011-09-05,MAZ,0,0,,350.0,,,,,,,,,,,,,
*,EMUM0293,ISHIARA-4----FIELD,ISHIARA-4----BASELINE,-0.45478,37.78487,KESH,GACA325021,2011-10-15,MAZ,0,0,,325.0,,,,,,,,,,,,,
*,EMUM0294,ISHIARA-4----FIELD,ISHIARA-5----BASELINE,-0.45478,37.78487,KESH,GACA325021,2011-10-05,MAZ,15,500,,400.0,,,,,,,,,,,,,
*,EMUM0295,ISHIARA-1----FIELD,ISHIARA-4----BASELINE,-0.45478,37.78487,KESH,GACG325021,2011-10-15,MAZ,0,500,,850.0,,,,,,,,,,,,,
*,EMUM0296,ISHIARA-1----FIELD,ISHIARA-5----BASELINE,-0.45478,37.78487,KESH,GACP325021,2011-10-05,MAZ,10,500,,592.1,,,,,,,,,,,,,
*,EMUM0297,ISHIARA-1----FIELD,ISHIARA-4----BASELINE,-0.45478,37.78487,KESH,GACA325021,2011-10-05,MAZ,0,0,,666.7,,,,,,,,,,,,,
*,EMUM0298,ISHIARA-4----FIELD,ISHIARA-5----BASELINE,-0.45478,37.78487,KESH,GACA325021,2011-10-05,MAZ,45,0,,1080.0,,,,,,,,,,,,,
*,EMUM0299,ISHIARA-1----FIELD,ISHIARA-4----BASELINE,-0.45478,37.78487,KESH,GACG325021,2011-10-05,MAZ,25,1500,,530.9,,,,,,,,,,,,,
*,EMUM0300,ISHIARA-1----FIELD,ISHIARA-4----BASELINE,-0.45478,37.78487,KESH,GACP325021,2011-10-05,MAZ,25,0,,1491.8,,,,,,,,,,,,,
*,EMUM0301,ISHIARA-10----FIELD,ISHIARA-4----BASELINE,-0.45478,37.78487,KESH,GACA325021,2011-10-25,MAZ,25,500,,639.3,,,,,,,,,,,,,
*,EMUM0302,ISHIARA-4----FIELD,ISHIARA-4----BASELINE,-0.45478,37.78487,KESH,GACA325021,2011-09-05,MAZ,55,500,,683.3,,,,,,,,,,,,,
*,EMUM0303,ISHIARA-4----FIELD,ISHIARA-4----BASELINE,-0.45478,37.78487,KESH,GACA325021,2011-10-05,MAZ,0,0,,900.0,,,,,,,,,,,,,
*,EMUM0304,ISHIARA-1----FIELD,ISHIARA-5----BASELINE,-0.45478,37.78487,KESH,GACA325021,2011-10-15,MAZ,15,0,,745.0,,,,,,,,,,,,,
*,EMUM0305,ISHIARA-1----FIELD,ISHIARA-4----BASELINE,-0.45478,37.78487,KESH,GACG325021,2011-10-15,MAZ,25,0,,1800.0,,,,,,,,,,,,,
*,EMUM0306,ISHIARA-10----FIELD,ISHIARA-4----BASELINE,-0.45478,37.78487,KESH,GACP325021,2011-09-05,MAZ,15,0,,725.0,,,,,,,,,,,,,
*,EMUM0307,ISHIARA-1----FIELD,ISHIARA-5----BASELINE,-0.45478,37.78487,KESH,GACA325021,2011-10-05,MAZ,35,0,,257.1,,,,,,,,,,,,,
*,EMUM0308,ISHIARA-5----FIELD,ISHIARA-5----BASELINE,-0.45478,37.78487,KESH,GACG325021,2011-10-15,MAZ,25,5000,,1529.4,,,,,,,,,,,,,
*,EMUM0309,ISHIARA-4----FIELD,ISHIARA-4----BASELINE,-0.45478,37.78487,KESH,GACP325021,2011-10-15,MAZ,80,0,,500.0,,,,,,,,,,,,,
*,EMUM0310,ISHIARA-4----FIELD,ISHIARA-4----BASELINE,-0.45478,37.78487,KESH,GACA325021,2011-10-05,MAZ,15,0,,900.0,,,,,,,,,,,,,
*,EMUM0311,ISHIARA-4----FIELD,ISHIARA-5----BASELINE,-0.45478,37.78487,KESH,GACG325021,2011-10-15,MAZ,25,0,,100.0,,,,,,,,,,,,,
*,EMUM0312,ISHIARA-1----FIELD,ISHIARA-5----BASELINE,-0.45478,37.78487,KESH,GACP325021,2011-10-05,MAZ,25,0,,720.0,,,,,,,,,,,,,
*,EMUM0313,ISHIARA-1----FIELD,ISHIARA-4----BASELINE,-0.45478,37.78487,KESH,GACP325021,2011-09-05,MAZ,25,0,,160.0,,,,,,,,,,,,,
*,EMUM0314,ISHIARA-4----FIELD,ISHIARA-5----BASELINE,-0.45478,37.78487,KESH,GACA325021,2011-10-05,MAZ,15,0,,1800.0,,,,,,,,,,,,,
*,EMUM0315,ISHIARA-4----FIELD,ISHIARA-4----BASELINE,-0.45478,37.78487,KESH,GACA325021,2011-10-05,MAZ,45,0,,720.0,,,,,,,,,,,,,
*,EMUM0316,ISHIARA-1----FIELD,ISHIARA-4----BASELINE,-0.45478,37.78487,KESH,GACP325021,2011-10-05,MAZ,25,0,,1620.0,,,,,,,,,,,,,
*,EMUM0317,ISHIARA-4----FIELD,ISHIARA-4----BASELINE,-0.45478,37.78487,KESH,GACA325021,2011-09-05,MAZ,55,0,,667.2,,,,,,,,,,,,,
*,EMUM0318,ISHIARA-4----FIELD,ISHIARA-4----BASELINE,-0.45478,37.78487,KESH,GACA325021,2011-09-05,MAZ,15,0,,1425.0,,,,,,,,,,,,,
*,EMUM0319,ISHIARA-1----FIELD,ISHIARA-4----BASELINE,-0.45478,37.78487,KESH,GACA325021,2011-10-15,MAZ,45,0,,900.0,,,,,,,,,,,,,
*,EMUM0320,ISHIARA-5----FIELD,ISHIARA-4----BASELINE,-0.45478,37.78487,KESH,GACA325021,2011-11-05,MAZ,0,0,,2250.0,,,,,,,,,,,,,
*,EMUM0321,ISHIARA-4----FIELD,ISHIARA-4----BASELINE,-0.45478,37.78487,KESH,GACA325021,2011-10-05,MAZ,45,0,,1650.0,,,,,,,,,,,,,
*,EMUM0322,ISHIARA-1----FIELD,ISHIARA-5----BASELINE,-0.45478,37.78487,KESH,GACP325021,2011-11-05,MAZ,0,0,,900.0,,,,,,,,,,,,,
*,EMUM0323,ISHIARA-4----FIELD,ISHIARA-5----BASELINE,-0.45478,37.78487,KESH,GACA325021,2011-11-05,MAZ,55,0,,485.0,,,,,,,,,,,,,
*,EMUM0324,ISHIARA-5----FIELD,ISHIARA-4----BASELINE,-0.45478,37.78487,KESH,GACA325021,2011-10-05,MAZ,0,1500,,650.0,,,,,,,,,,,,,
*,EMUM0325,ISHIARA-4----FIELD,ISHIARA-5----BASELINE,-0.45478,37.78487,KESH,GACP325021,2011-10-15,MAZ,55,0,,675.0,,,,,,,,,,,,,
*,EMUM0326,ISHIARA-1----FIELD,ISHIARA-5----BASELINE,-0.45478,37.78487,KESH,GACA325021,2011-10-25,MAZ,15,500,,450.0,,,,,,,,,,,,,
*,EMUM0327,ISHIARA-10----FIELD,ISHIARA-4----BASELINE,-0.45478,37.78487,KESH,GACP325021,2011-11-05,MAZ,15,0,,1125.0,,,,,,,,,,,,,
*,EMUM0328,ISHIARA-1----FIELD,ISHIARA-5----BASELINE,-0.45478,37.78487,KESH,GACA325021,2011-10-15,MAZ,0,0,,1350.0,,,,,,,,,,,,,
*,EMUM0329,ISHIARA-4----FIELD,ISHIARA-5----BASELINE,-0.45478,37.78487,KESH,GACG325021,2011-10-15,MAZ,15,0,,225.0,,,,,,,,,,,,,
*,EMUM0330,ISHIARA-4----FIELD,ISHIARA-5----BASELINE,-0.45478,37.78487,KESH,GACA325021,2011-09-05,MAZ,15,0,,583.3,,,,,,,,,,,,,
*,EMUM0331,ISHIARA-4----FIELD,ISHIARA-5----BASELINE,-0.45478,37.78487,KESH,GACA325021,2011-09-05,MAZ,0,0,,800.0,,,,,,,,,,,,,
*,EMUM0332,ISHIARA-4----FIELD,ISHIARA-5----BASELINE,-0.45478,37.78487,KESH,GACA325021,2011-10-15,MAZ,45,5000,,2700.0,,,,,,,,,,,,,
*,EMUM0333,ISHIARA-5----FIELD,ISHIARA-4----BASELINE,-0.45478,37.78487,KESH,GACA325021,2011-10-15,MAZ,55,500,,2700.0,,,,,,,,,,,,,
*,EMUM0334,ISHIARA-5----FIELD,ISHIARA-4----BASELINE,-0.45478,37.78487,KESH,GACA325021,2011-10-15,MAZ,55,0,,360.0,,,,,,,,,,,,,
*,EMUM0335,ISHIARA-10----FIELD,ISHIARA-5----BASELINE,-0.45478,37.78487,KESH,GACA325021,2011-10-15,MAZ,15,0,,1800.0,,,,,,,,,,,,,
*,EMUM0336,ISHIARA-5----FIELD,ISHIARA-5----BASELINE,-0.45478,37.78487,KESH,GACG325021,2011-11-05,MAZ,65,0,,900.0,,,,,,,,,,,,,
*,EMUM0337,ISHIARA-4----FIELD,ISHIARA-5----BASELINE,-0.45478,37.78487,KESH,GACA325021,2011-10-05,MAZ,55,0,,450.0,,,,,,,,,,,,,
*,EMUM0338,ISHIARA-5----FIELD,ISHIARA-5----BASELINE,-0.45478,37.78487,KESH,GACA325021,2011-10-05,MAZ,25,1500,,2025.0,,,,,,,,,,,,,
*,EMUM0339,ISHIARA-4----FIELD,ISHIARA-5----BASELINE,-0.45478,37.78487,KESH,GACG325021,2011-10-05,MAZ,55,0,,960.0,,,,,,,,,,,,,
*,EMUM0340,ISHIARA-5----FIELD,ISHIARA-4----BASELINE,-0.45478,37.78487,KESH,GACP325021,2011-10-05,MAZ,0,0,,840.0,,,,,,,,,,,,,
*,EMUM0341,ISHIARA-5----FIELD,ISHIARA-4----BASELINE,-0.45478,37.78487,KESH,GACG325021,2011-10-15,MAZ,35,1000,,1350.0,,,,,,,,,,,,,
*,EMUM0342,ISHIARA-12----FIELD,ISHIARA-4----BASELINE,-0.45478,37.78487,KESH,GACG325021,2011-10-05,MAZ,45,0,,450.0,,,,,,,,,,,,,
*,EMUM0343,ISHIARA-2----FIELD,ISHIARA-4----BASELINE,-0.45478,37.78487,KESH,GACG325021,2011-10-15,MAZ,0,0,,800.0,,,,,,,,,,,,,
*,EMUM0344,ISHIARA-5----FIELD,ISHIARA-5----BASELINE,-0.45478,37.78487,KESH,GACA325021,2011-10-15,MAZ,55,0,,937.5,,,,,,,,,,,,,
*,EMUM0345,ISHIARA-5----FIELD,ISHIARA-4----BASELINE,-0.45478,37.78487,KESH,GACA325021,2011-10-15,MAZ,45,0,,300.0,,,,,,,,,,,,,
*,EMUM0346,ISHIARA-5----FIELD,ISHIARA-5----BASELINE,-0.45478,37.78487,KESH,GACA325021,2011-10-05,MAZ,0,0,,1350.0,,,,,,,,,,,,,
*,EMUM0347,ISHIARA-2----FIELD,ISHIARA-5----BASELINE,-0.45478,37.78487,KESH,GACA325021,2011-10-15,MAZ,45,0,,787.5,,,,,,,,,,,,,
*,EMUM0348,ISHIARA-5----FIELD,ISHIARA-5----BASELINE,-0.45478,37.78487,KESH,GACA325021,2011-10-05,MAZ,25,0,,2700.0,,,,,,,,,,,,,
*,EMUM0349,ISHIARA-4----FIELD,ISHIARA-4----BASELINE,-0.45478,37.78487,KESH,GACA325021,2011-10-15,MAZ,0,0,,400.0,,,,,,,,,,,,,
*,EMUM0350,ISHIARA-2----FIELD,ISHIARA-5----BASELINE,-0.45478,37.78487,KESH,GACA325021,2011-10-05,MAZ,15,0,,1440.0,,,,,,,,,,,,,
*,EMUM0351,ISHIARA-10----FIELD,ISHIARA-4----BASELINE,-0.45478,37.78487,KESH,GACG325021,2011-10-05,MAZ,25,0,,540.0,,,,,,,,,,,,,
*,EMUM0352,ISHIARA-1----FIELD,ISHIARA-5----BASELINE,-0.45478,37.78487,KESH,GACA325021,2011-10-15,MAZ,25,0,,200.0,,,,,,,,,,,,,
*,EMUM0353,ISHIARA-2----FIELD,ISHIARA-4----BASELINE,-0.45478,37.78487,KESH,GACA325021,2011-11-05,MAZ,0,0,,300.0,,,,,,,,,,,,,
*,EMUM0354,ISHIARA-4----FIELD,ISHIARA-4----BASELINE,-0.45478,37.78487,KESH,GACG325021,2011-11-05,MAZ,25,0,,583.3,,,,,,,,,,,,,
*,EMUM0355,ISHIARA-2----FIELD,ISHIARA-5----BASELINE,-0.45478,37.78487,KESH,GACA325021,2011-11-05,MAZ,15,0,,1607.1,,,,,,,,,,,,,
*,EMUM0356,ISHIARA-5----FIELD,ISHIARA-5----BASELINE,-0.45478,37.78487,KESH,GACP325021,2011-10-25,MAZ,0,0,,262.5,,,,,,,,,,,,,
*,EMUM0357,ISHIARA-6----FIELD,ISHIARA-5----BASELINE,-0.45478,37.78487,KESH,GACA325021,2011-10-15,MAZ,35,0,,2700.0,,,,,,,,,,,,,
*,EMUM0358,ISHIARA-5----FIELD,ISHIARA-5----BASELINE,-0.45478,37.78487,KESH,GACA325021,2011-10-15,MAZ,55,10000,,900.0,,,,,,,,,,,,,
*,EMUM0359,ISHIARA-2----FIELD,ISHIARA-5----BASELINE,-0.45478,37.78487,KESH,GACG325021,2011-10-25,MAZ,55,0,,1875.0,,,,,,,,,,,,,
*,EMUM0360,ISHIARA-2----FIELD,ISHIARA-5----BASELINE,-0.45478,37.78487,KESH,GACA325021,2011-10-15,MAZ,65,0,,1800.0,,,,,,,,,,,,,
*,EMUM0361,ISHIARA-4----FIELD,ISHIARA-5----BASELINE,-0.45478,37.78487,KESH,GACA325021,2011-10-15,MAZ,35,0,,1800.0,,,,,,,,,,,,,
*,EMUM0362,ISHIARA-2----FIELD,ISHIARA-5----BASELINE,-0.45478,37.78487,KESH,GACA325021,2011-10-05,MAZ,35,0,,1500.0,,,,,,,,,,,,,
*,EMUM0363,ISHIARA-6----FIELD,ISHIARA-5----BASELINE,-0.45478,37.78487,KESH,GACA325021,2011-09-05,MAZ,55,0,,1800.0,,,,,,,,,,,,,
*,EMUM0364,ISHIARA-5----FIELD,ISHIARA-5----BASELINE,-0.45478,37.78487,KESH,GACA325021,2011-10-15,MAZ,35,0,,370.0,,,,,,,,,,,,,
*,EMUM0365,ISHIARA-1----FIELD,ISHIARA-4----BASELINE,-0.45478,37.78487,KESH,GACA325021,2011-11-05,MAZ,0,0,,1350.0,,,,,,,,,,,,,
*,EMUM0366,ISHIARA-4----FIELD,ISHIARA-4----BASELINE,-0.45478,37.78487,KESH,GACA325021,2011-11-05,MAZ,45,0,,675.0,,,,,,,,,,,,,
*,EMUM0367,ISHIARA-5----FIELD,ISHIARA-5----BASELINE,-0.45478,37.78487,KESH,GACA325021,2011-11-05,MAZ,55,0,,2250.0,,,,,,,,,,,,,
*,EMUM0368,ISHIARA-5----FIELD,ISHIARA-5----BASELINE,-0.45478,37.78487,KESH,GACA325021,2011-10-25,MAZ,45,0,,0.0,,,,,,,,,,,,,