#,EXNAME,FIELD_OVERLAY,SEASONAL_STRATEGY,FL_LAT,FL_LONG,WST_ID,SOIL_ID,PDATE,CRID,FEN_TOT,OM_TOT,HDATE,HWAH,PLPOP,TR_NOTES,,,,,,,,,,,
*,EMUM0001,EMBU-4----FIELD,EMBU-2----BASELINE,-0.553,37.45964,KEMB,EMBA225021,2011-10-25,MAZ,24,0,,120.5,3,,,,,,,,,,,,
*,EMUM0002,EMBU-4----FIELD,EMBU-2----BASELINE,-0.553,37.45964,KEMB,EMBA225021,2011-10-15,MAZ,12,500,,1400.0,3,,,,,,,,,,,,
*,EMUM0003,EMBU-10----FIELD,EMBU-2----BASELINE,-0.553,37.45964,KEMB,EMBA225021,2011-10-15,MAZ,16,0,,1200.0,3,,,,,,,,,,,,
*,EMUM0004,EMBU-4----FIELD,EMBU-2----BASELINE,-0.553,37.45964,KEMB,EMBP225021,2011-10-15,MAZ,75,0,,600.0,3,,,,,,,,,,,,
*,EMUM0005,EMBU-10----FIELD,EMBU-2----BASELINE,-0.553,37.45964,KEMB,EMBA225021,2011-10-15,MAZ,20,1250,,400.0,3,,,,,,,,,,,,
*,EMUM0006,EMBU-10----FIELD,EMBU-2----BASELINE,-0.553,37.45964,KEMB,EMBA225021,2011-10-15,MAZ,27,1000,,300.0,3,,,,,,,,,,,,
*,EMUM0007,EMBU-4----FIELD,EMBU-1----BASELINE,-0.553,37.45964,KEMB,EMBA225021,2011-09-05,MAZ,20,0,,600.0,3,,,,,,,,,,,,
*,EMUM0008,EMBU-4----FIELD,EMBU-1----BASELINE,-0.553,37.45964,KEMB,EMBP225021,2011-10-05,MAZ,105,2000,,473.7,3,,,,,,,,,,,,
*,EMUM0009,EMBU-4----FIELD,EMBU-1----BASELINE,-0.553,37.45964,KEMB,EMBA225021,2011-10-05,MAZ,132,2000,,473.7,3,,,,,,,,,,,,
*,EMUM0010,EMBU-10----FIELD,EMBU-2----BASELINE,-0.553,37.45964,KEMB,EMBA225021,2011-10-15,MAZ,40,2000,,360.0,3,,,,,,,,,,,,
*,EMUM0011,EMBU-10----FIELD,EMBU-1----BASELINE,-0.553,37.45964,KEMB,EMBP225021,2011-10-05,MAZ,32,1000,,400.0,3,,,,,,,,,,,,
*,EMUM0012,EMBU-10----FIELD,EMBU-1----BASELINE,-0.553,37.45964,KEMB,EMBP225021,2011-10-05,MAZ,30,2500,,500.0,3,,,,,,,,,,,,
*,EMUM0013,EMBU-10----FIELD,EMBU-1----BASELINE,-0.553,37.45964,KEMB,EMBG225021,2011-10-05,MAZ,30,2500,,350.0,3,,,,,,,,,,,,
*,EMUM0014,EMBU-10----FIELD,EMBU-2----BASELINE,-0.553,37.45964,KEMB,EMBA225021,2011-10-15,MAZ,40,6000,,360.0,3,,,,,,,,,,,,
*,EMUM0015,EMBU-10----FIELD,EMBU-2----BASELINE,-0.553,37.45964,KEMB,EMBA225021,2011-10-15,MAZ,80,2000,,360.0,3,,,,,,,,,,,,
*,EMUM0016,EMBU-10----FIELD,EMBU-1----BASELINE,-0.553,37.45964,KEMB,EMBP225021,2011-10-05,MAZ,100,0,,400.0,3,,,,,,,,,,,,
*,EMUM0017,EMBU-4----FIELD,EMBU-2----BASELINE,-0.553,37.45964,KEMB,EMBA225021,2011-10-15,MAZ,80,0,,450.0,3,,,,,,,,,,,,
*,EMUM0018,EMBU-10----FIELD,EMBU-2----BASELINE,-0.553,37.45964,KEMB,EMBP225021,2011-10-15,MAZ,40,1500,,600.0,3,,,,,,,,,,,,
*,EMUM0019,EMBU-4----FIELD,EMBU-2----BASELINE,-0.553,37.45964,KEMB,EMBA225021,2011-10-15,MAZ,100,2000,,750.0,3,,,,,,,,,,,,
*,EMUM0020,EMBU-10----FIELD,EMBU-1----BASELINE,-0.553,37.45964,KEMB,EMBG225021,2011-10-05,MAZ,40,0,,800.0,3,,,,,,,,,,,,
*,EMUM0021,EMBU-7----FIELD,EMBU-1----BASELINE,-0.553,37.45964,KEMB,EMBG225021,2011-10-05,MAZ,20,0,,1000.0,3,,,,,,,,,,,,
*,EMUM0022,EMBU-4----FIELD,EMBU-1----BASELINE,-0.553,37.45964,KEMB,EMBG225021,2011-10-05,MAZ,20,1000,,700.0,3,,,,,,,,,,,,
*,EMUM0023,EMBU-10----FIELD,EMBU-1----BASELINE,-0.553,37.45964,KEMB,EMBA225021,2011-09-05,MAZ,40,1500,,160.0,3,,,,,,,,,,,,
*,EMUM0024,EMBU-10----FIELD,EMBU-2----BASELINE,-0.553,37.45964,KEMB,EMBP225021,2011-10-15,MAZ,50,0,,600.0,3,,,,,,,,,,,,
*,EMUM0025,EMBU-4----FIELD,EMBU-2----BASELINE,-0.553,37.45964,KEMB,EMBP225021,2011-10-15,MAZ,100,2000,,800.0,3,,,,,,,,,,,,
*,EMUM0026,EMBU-10----FIELD,EMBU-1----BASELINE,-0.553,37.45964,KEMB,EMBP225021,2011-10-05,MAZ,40,0,,1200.0,3,,,,,,,,,,,,
*,EMUM0027,EMBU-1----FIELD,EMBU-2----BASELINE,-0.553,37.45964,KEMB,EMBA225021,2011-10-15,MAZ,100,0,,2000.0,3,,,,,,,,,,,,
*,EMUM0028,EMBU-10----FIELD,EMBU-2----BASELINE,-0.553,37.45964,KEMB,EMBP225021,2011-10-15,MAZ,50,2000,,2700.0,3,,,,,,,,,,,,
*,EMUM0029,EMBU-5----FIELD,EMBU-1----BASELINE,-0.553,37.45964,KEMB,EMBP225021,2011-10-05,MAZ,48,0,,720.0,4,,,,,,,,,,,,
*,EMUM0030,EMBU-11----FIELD,EMBU-1----BASELINE,-0.553,37.45964,KEMB,EMBA225021,2011-10-05,MAZ,59,0,,1764.7,4,,,,,,,,,,,,
*,EMUM0031,EMBU-11----FIELD,EMBU-3----BASELINE,-0.553,37.45964,KEMB,EMBP225021,2011-11-05,MAZ,180,1000,,1500.0,4,,,,,,,,,,,,
*,EMUM0032,EMBU-5----FIELD,EMBU-1----BASELINE,-0.553,37.45964,KEMB,EMBG225021,2011-09-05,MAZ,100,0,,1250.0,4,,,,,,,,,,,,
*,EMUM0033,EMBU-11----FIELD,EMBU-2----BASELINE,-0.553,37.45964,KEMB,EMBA225021,2011-10-15,MAZ,80,1500,,1000.0,4,,,,,,,,,,,,
*,EMUM0034,EMBU-11----FIELD,EMBU-2----BASELINE,-0.553,37.45964,KEMB,EMBA225021,2011-10-15,MAZ,27,0,,960.0,4,,,,,,,,,,,,
*,EMUM0035,EMBU-11----FIELD,EMBU-1----BASELINE,-0.553,37.45964,KEMB,EMBP225021,2011-09-05,MAZ,128,0,,360.0,4,,,,,,,,,,,,
*,EMUM0036,EMBU-5----FIELD,EMBU-1----BASELINE,-0.553,37.45964,KEMB,EMBP225021,2011-09-05,MAZ,180,5000,,1440.0,4,,,,,,,,,,,,
*,EMUM0037,EMBU-5----FIELD,EMBU-2----BASELINE,-0.553,37.45964,KEMB,EMBA225021,2011-10-15,MAZ,80,0,,2880.0,4,,,,,,,,,,,,
*,EMUM0038,EMBU-5----FIELD,EMBU-2----BASELINE,-0.553,37.45964,KEMB,EMBA225021,2011-10-15,MAZ,80,125,,1440.0,4,,,,,,,,,,,,
*,EMUM0039,EMBU-8----FIELD,EMBU-1----BASELINE,-0.553,37.45964,KEMB,EMBA225021,2011-09-05,MAZ,40,0,,1400.0,4,,,,,,,,,,,,
*,EMUM0040,EMBU-11----FIELD,EMBU-2----BASELINE,-0.553,37.45964,KEMB,EMBG225021,2011-10-15,MAZ,144,6000,,1440.0,4,,,,,,,,,,,,
*,EMUM0041,EMBU-11----FIELD,EMBU-1----BASELINE,-0.553,37.45964,KEMB,EMBA225021,2011-10-05,MAZ,120,1000,,576.0,4,,,,,,,,,,,,
*,EMUM0042,EMBU-5----FIELD,EMBU-2----BASELINE,-0.553,37.45964,KEMB,EMBA225021,2011-10-15,MAZ,160,1000,,720.0,4,,,,,,,,,,,,
*,EMUM0043,EMBU-5----FIELD,EMBU-2----BASELINE,-0.553,37.45964,KEMB,EMBA225021,2011-10-15,MAZ,64,0,,2160.0,4,,,,,,,,,,,,
*,EMUM0044,EMBU-11----FIELD,EMBU-2----BASELINE,-0.553,37.45964,KEMB,EMBG225021,2011-10-25,MAZ,160,1000,,576.0,4,,,,,,,,,,,,
*,EMUM0045,EMBU-11----FIELD,EMBU-1----BASELINE,-0.553,37.45964,KEMB,EMBG225021,2011-10-05,MAZ,128,8500,,360.0,4,,,,,,,,,,,,
*,EMUM0046,EMBU-5----FIELD,EMBU-2----BASELINE,-0.553,37.45964,KEMB,EMBA225021,2011-10-15,MAZ,83,0,,1500.0,4,,,,,,,,,,,,
*,EMUM0047,EMBU-5----FIELD,EMBU-2----BASELINE,-0.553,37.45964,KEMB,EMBA225021,2011-10-15,MAZ,67,5000,,2250.0,4,,,,,,,,,,,,
*,EMUM0048,EMBU-11----FIELD,EMBU-2----BASELINE,-0.553,37.45964,KEMB,EMBG225021,2011-10-15,MAZ,43,150,,1028.6,4,,,,,,,,,,,,
*,EMUM0049,EMBU-5----FIELD,EMBU-2----BASELINE,-0.553,37.45964,KEMB,EMBA225021,2011-10-15,MAZ,5,0,,1400.0,4,,,,,,,,,,,,
*,EMUM0050,EMBU-2----FIELD,EMBU-1----BASELINE,-0.553,37.45964,KEMB,EMBA225021,2011-10-05,MAZ,30,500,,1500.0,4,,,,,,,,,,,,
*,EMUM0051,EMBU-5----FIELD,EMBU-1----BASELINE,-0.553,37.45964,KEMB,EMBP225021,2011-10-05,MAZ,100,0,,1800.0,4,,,,,,,,,,,,
*,EMUM0052,EMBU-11----FIELD,EMBU-1----BASELINE,-0.553,37.45964,KEMB,EMBA225021,2011-09-05,MAZ,60,0,,600.0,4,,,,,,,,,,,,
*,EMUM0053,EMBU-5----FIELD,EMBU-2----BASELINE,-0.553,37.45964,KEMB,EMBA225021,2011-10-15,MAZ,20,2000,,800.0,4,,,,,,,,,,,,
*,EMUM0054,EMBU-5----FIELD,EMBU-1----BASELINE,-0.553,37.45964,KEMB,EMBG225021,2011-10-05,MAZ,50,0,,1000.0,4,,,,,,,,,,,,
*,EMUM0055,EMBU-11----FIELD,EMBU-2----BASELINE,-0.553,37.45964,KEMB,EMBA225021,2011-10-15,MAZ,160,5,,2100.0,4,,,,,,,,,,,,
*,EMUM0056,EMBU-11----FIELD,EMBU-2----BASELINE,-0.553,37.45964,KEMB,EMBA225021,2011-10-15,MAZ,180,2500,,360.0,4,,,,,,,,,,,,
*,EMUM0057,EMBU-2----FIELD,EMBU-2----BASELINE,-0.553,37.45964,KEMB,EMBP225021,2011-10-15,MAZ,30,0,,500.0,4,,,,,,,,,,,,
*,EMUM0058,EMBU-11----FIELD,EMBU-1----BASELINE,-0.553,37.45964,KEMB,EMBP225021,2011-10-05,MAZ,50,0,,1200.0,4,,,,,,,,,,,,
*,EMUM0059,EMBU-8----FIELD,EMBU-2----BASELINE,-0.553,37.45964,KEMB,EMBG225021,2011-10-15,MAZ,40,0,,1500.0,4,,,,,,,,,,,,
*,EMUM0060,EMBU-2----FIELD,EMBU-1----BASELINE,-0.553,37.45964,KEMB,EMBA225021,2011-10-05,MAZ,70,0,,900.0,4,,,,,,,,,,,,
*,EMUM0061,EMBU-11----FIELD,EMBU-1----BASELINE,-0.553,37.45964,KEMB,EMBA225021,2011-10-05,MAZ,50,0,,1400.0,4,,,,,,,,,,,,
*,EMUM0062,EMBU-5----FIELD,EMBU-2----BASELINE,-0.553,37.45964,KEMB,EMBG225021,2011-10-15,MAZ,10,0,,900.0,4,,,,,,,,,,,,
*,EMUM0063,EMBU-5----FIELD,EMBU-1----BASELINE,-0.553,37.45964,KEMB,EMBG225021,2011-10-05,MAZ,80,1500,,1200.0,4,,,,,,,,,,,,
*,EMUM0064,EMBU-5----FIELD,EMBU-2----BASELINE,-0.553,37.45964,KEMB,EMBA225021,2011-10-15,MAZ,150,0,,2500.0,4,,,,,,,,,,,,
*,EMUM0065,EMBU-8----FIELD,EMBU-2----BASELINE,-0.553,37.45964,KEMB,EMBG225021,2011-10-15,MAZ,20,0,,0.0,4,,,,,,,,,,,,
*,EMUM0066,EMBU-2----FIELD,EMBU-1----BASELINE,-0.553,37.45964,KEMB,EMBA225021,2011-10-05,MAZ,35,1000,,900.0,4,,,,,,,,,,,,
*,EMUM0067,EMBU-2----FIELD,EMBU-2----BASELINE,-0.553,37.45964,KEMB,EMBG225021,2011-10-15,MAZ,70,0,,1000.0,4,,,,,,,,,,,,
*,EMUM0068,EMBU-2----FIELD,EMBU-2----BASELINE,-0.553,37.45964,KEMB,EMBA225021,2011-10-15,MAZ,60,0,,700.0,4,,,,,,,,,,,,
*,EMUM0069,EMBU-8----FIELD,EMBU-2----BASELINE,-0.553,37.45964,KEMB,EMBG225021,2011-10-15,MAZ,76,50,,2400.0,4,,,,,,,,,,,,
*,EMUM0070,EMBU-11----FIELD,EMBU-2----BASELINE,-0.553,37.45964,KEMB,EMBG225021,2011-10-15,MAZ,100,2000,,900.0,4,,,,,,,,,,,,
*,EMUM0071,EMBU-12----FIELD,EMBU-2----BASELINE,-0.553,37.45964,KEMB,EMBG225021,2011-10-15,MAZ,75,0,,0.0,5,,,,,,,,,,,,
*,EMUM0072,EMBU-6----FIELD,EMBU-2----BASELINE,-0.553,37.45964,KEMB,EMBG225021,2011-10-15,MAZ,80,5000,,0.0,5,,,,,,,,,,,,
*,EMUM0079,EMBU-12----FIELD,EMBU-2----BASELINE,-0.553,37.45964,KEMB,EMBP225021,2011-10-15,MAZ,0,250,,1080.0,5,,,,,,,,,,,,
*,EMUM0082,EMBU-4----FIELD,EMBU-2----BASELINE,-0.553,37.45964,KEMB,KAVA425021,2011-10-15,MAZ,32,0,,1080.0,3,,,,,,,,,,,,
*,EMUM0083,EMBU-4----FIELD,EMBU-2----BASELINE,-0.553,37.45964,KEMB,KAVG425021,2011-10-15,MAZ,40,0,,950.0,3,,,,,,,,,,,,
*,EMUM0084,EMBU-4----FIELD,EMBU-1----BASELINE,-0.553,37.45964,KEMB,KAVA425021,2011-10-05,MAZ,94,0,,750.0,3,,,,,,,,,,,,
*,EMUM0085,EMBU-4----FIELD,EMBU-2----BASELINE,-0.553,37.45964,KEMB,KAVA425021,2011-10-15,MAZ,7,0,,133.3,3,,,,,,,,,,,,
*,EMUM0086,EMBU-4----FIELD,EMBU-2----BASELINE,-0.553,37.45964,KEMB,KAVG425021,2011-10-15,MAZ,40,0,,720.0,3,,,,,,,,,,,,
*,EMUM0087,EMBU-4----FIELD,EMBU-2----BASELINE,-0.553,37.45964,KEMB,KAVA425021,2011-10-15,MAZ,87,0,,1333.3,3,,,,,,,,,,,,
*,EMUM0088,EMBU-1----FIELD,EMBU-1----BASELINE,-0.553,37.45964,KEMB,KAVG425021,2011-09-05,MAZ,104,0,,720.0,3,,,,,,,,,,,,
*,EMUM0089,EMBU-1----FIELD,EMBU-2----BASELINE,-0.553,37.45964,KEMB,KAVA425021,2011-10-15,MAZ,100,500,,360.0,3,,,,,,,,,,,,
*,EMUM0090,EMBU-4----FIELD,EMBU-2----BASELINE,-0.553,37.45964,KEMB,KAVA425021,2011-10-15,MAZ,160,0,,268.0,3,,,,,,,,,,,,
*,EMUM0091,EMBU-1----FIELD,EMBU-1----BASELINE,-0.553,37.45964,KEMB,KAVA425021,2011-10-05,MAZ,0,1000,,700.0,3,,,,,,,,,,,,
*,EMUM0092,EMBU-4----FIELD,EMBU-1----BASELINE,-0.553,37.45964,KEMB,KAVP425021,2011-09-05,MAZ,50,0,,180.0,3,,,,,,,,,,,,
*,EMUM0093,EMBU-4----FIELD,EMBU-1----BASELINE,-0.553,37.45964,KEMB,KAVA425021,2011-10-05,MAZ,90,20000,,800.0,3,,,,,,,,,,,,
*,EMUM0094,EMBU-4----FIELD,EMBU-1----BASELINE,-0.553,37.45964,KEMB,KAVA425021,2011-10-05,MAZ,80,2000,,200.0,3,,,,,,,,,,,,
*,EMUM0095,EMBU-1----FIELD,EMBU-2----BASELINE,-0.553,37.45964,KEMB,KAVG425021,2011-10-15,MAZ,63,2000,,725.0,3,,,,,,,,,,,,
*,EMUM0096,EMBU-4----FIELD,EMBU-1----BASELINE,-0.553,37.45964,KEMB,KAVG425021,2011-10-05,MAZ,30,0,,200.0,3,,,,,,,,,,,,
*,EMUM0097,EMBU-1----FIELD,EMBU-2----BASELINE,-0.553,37.45964,KEMB,KAVA425021,2011-10-25,MAZ,0,0,,200.0,3,,,,,,,,,,,,
*,EMUM0098,EMBU-4----FIELD,EMBU-1----BASELINE,-0.553,37.45964,KEMB,KAVA425021,2011-10-05,MAZ,30,0,,700.0,3,,,,,,,,,,,,
*,EMUM0099,EMBU-1----FIELD,EMBU-2----BASELINE,-0.553,37.45964,KEMB,KAVG425021,2011-10-15,MAZ,150,1500,,250.0,3,,,,,,,,,,,,
*,EMUM0100,EMBU-4----FIELD,EMBU-1----BASELINE,-0.553,37.45964,KEMB,KAVG425021,2011-09-05,MAZ,125,0,,562.5,3,,,,,,,,,,,,
*,EMUM0101,EMBU-4----FIELD,EMBU-1----BASELINE,-0.553,37.45964,KEMB,KAVA425021,2011-09-05,MAZ,83,0,,1500.0,3,,,,,,,,,,,,
*,EMUM0102,EMBU-4----FIELD,EMBU-2----BASELINE,-0.553,37.45964,KEMB,KAVG425021,2011-10-15,MAZ,33,3000,,780.0,3,,,,,,,,,,,,
*,EMUM0103,EMBU-1----FIELD,EMBU-1----BASELINE,-0.553,37.45964,KEMB,KAVP425021,2011-09-05,MAZ,40,500,,360.0,3,,,,,,,,,,,,
*,EMUM0104,EMBU-4----FIELD,EMBU-1----BASELINE,-0.553,37.45964,KEMB,KAVA425021,2011-10-05,MAZ,63,0,,562.5,3,,,,,,,,,,,,
*,EMUM0105,EMBU-4----FIELD,EMBU-1----BASELINE,-0.553,37.45964,KEMB,KAVG425021,2011-10-05,MAZ,63,0,,1200.0,3,,,,,,,,,,,,
*,EMUM0106,EMBU-4----FIELD,EMBU-1----BASELINE,-0.553,37.45964,KEMB,KAVG425021,2011-09-05,MAZ,17,500,,600.0,3,,,,,,,,,,,,
*,EMUM0107,EMBU-4----FIELD,EMBU-1----BASELINE,-0.553,37.45964,KEMB,KAVG425021,2011-10-05,MAZ,100,250,,833.3,3,,,,,,,,,,,,
*,EMUM0108,EMBU-1----FIELD,EMBU-2----BASELINE,-0.553,37.45964,KEMB,KAVA425021,2011-10-15,MAZ,50,0,,500.0,3,,,,,,,,,,,,
*,EMUM0109,EMBU-1----FIELD,EMBU-1----BASELINE,-0.553,37.45964,KEMB,KAVA425021,2011-09-05,MAZ,79,1500,,947.4,3,,,,,,,,,,,,
*,EMUM0110,EMBU-4----FIELD,EMBU-1----BASELINE,-0.553,37.45964,KEMB,KAVG425021,2011-10-05,MAZ,80,0,,540.0,3,,,,,,,,,,,,
*,EMUM0111,EMBU-10----FIELD,EMBU-2----BASELINE,-0.553,37.45964,KEMB,KAVP425021,2011-10-15,MAZ,120,1000,,800.0,3,,,,,,,,,,,,
*,EMUM0112,EMBU-4----FIELD,EMBU-1----BASELINE,-0.553,37.45964,KEMB,KAVA425021,2011-10-05,MAZ,83,500,,375.0,3,,,,,,,,,,,,
*,EMUM0113,EMBU-1----FIELD,EMBU-1----BASELINE,-0.553,37.45964,KEMB,KAVA425021,2011-10-05,MAZ,43,0,,160.0,3,,,,,,,,,,,,
*,EMUM0114,EMBU-4----FIELD,EMBU-1----BASELINE,-0.553,37.45964,KEMB,KAVA425021,2011-09-05,MAZ,71,0,,642.9,3,,,,,,,,,,,,
*,EMUM0115,EMBU-1----FIELD,EMBU-1----BASELINE,-0.553,37.45964,KEMB,KAVG425021,2011-10-05,MAZ,75,0,,450.0,3,,,,,,,,,,,,
*,EMUM0116,EMBU-4----FIELD,EMBU-1----BASELINE,-0.553,37.45964,KEMB,KAVG425021,2011-09-05,MAZ,83,500,,600.0,3,,,,,,,,,,,,
*,EMUM0117,EMBU-4----FIELD,EMBU-1----BASELINE,-0.553,37.45964,KEMB,KAVP425021,2011-10-05,MAZ,31,500,,1125.0,3,,,,,,,,,,,,
*,EMUM0118,EMBU-4----FIELD,EMBU-1----BASELINE,-0.553,37.45964,KEMB,KAVA425021,2011-09-05,MAZ,75,0,,450.0,3,,,,,,,,,,,,
*,EMUM0119,EMBU-4----FIELD,EMBU-1----BASELINE,-0.553,37.45964,KEMB,KAVG425021,2011-10-05,MAZ,75,0,,900.0,3,,,,,,,,,,,,
*,EMUM0120,EMBU-7----FIELD,EMBU-1----BASELINE,-0.553,37.45964,KEMB,KAVG425021,2011-09-05,MAZ,25,0,,675.0,3,,,,,,,,,,,,
*,EMUM0121,EMBU-4----FIELD,EMBU-1----BASELINE,-0.553,37.45964,KEMB,KAVA425021,2011-09-05,MAZ,125,0,,1350.0,3,,,,,,,,,,,,
*,EMUM0122,EMBU-4----FIELD,EMBU-1----BASELINE,-0.553,37.45964,KEMB,KAVA425021,2011-10-05,MAZ,150,0,,3000.0,3,,,,,,,,,,,,
*,EMUM0123,EMBU-4----FIELD,EMBU-1----BASELINE,-0.553,37.45964,KEMB,KAVA425021,2011-09-05,MAZ,65,1500,,450.0,3,,,,,,,,,,,,
*,EMUM0124,EMBU-1----FIELD,EMBU-1----BASELINE,-0.553,37.45964,KEMB,KAVA425021,2011-10-05,MAZ,125,0,,675.0,3,,,,,,,,,,,,
*,EMUM0125,EMBU-1----FIELD,EMBU-1----BASELINE,-0.553,37.45964,KEMB,KAVA425021,2011-09-05,MAZ,75,500,,2250.0,3,,,,,,,,,,,,
*,EMUM0126,EMBU-4----FIELD,EMBU-1----BASELINE,-0.553,37.45964,KEMB,KAVP425021,2011-09-05,MAZ,83,0,,2250.0,3,,,,,,,,,,,,
*,EMUM0127,EMBU-4----FIELD,EMBU-1----BASELINE,-0.553,37.45964,KEMB,KAVG425021,2011-10-05,MAZ,93,1000,,2100.0,3,,,,,,,,,,,,
*,EMUM0128,EMBU-1----FIELD,EMBU-1----BASELINE,-0.553,37.45964,KEMB,KAVA425021,2011-09-05,MAZ,83,0,,1200.0,3,,,,,,,,,,,,
*,EMUM0129,EMBU-4----FIELD,EMBU-1----BASELINE,-0.553,37.45964,KEMB,KAVP425021,2011-09-05,MAZ,75,0,,2250.0,3,,,,,,,,,,,,
*,EMUM0130,EMBU-4----FIELD,EMBU-2----BASELINE,-0.553,37.45964,KEMB,KAVA425021,2011-10-15,MAZ,125,0,,1800.0,3,,,,,,,,,,,,
*,EMUM0131,EMBU-4----FIELD,EMBU-1----BASELINE,-0.553,37.45964,KEMB,KAVG425021,2011-10-05,MAZ,150,0,,2000.0,3,,,,,,,,,,,,
*,EMUM0132,EMBU-5----FIELD,EMBU-2----BASELINE,-0.553,37.45964,KEMB,KAVG425021,2011-10-15,MAZ,125,0,,1250.0,4,,,,,,,,,,,,
*,EMUM0133,EMBU-5----FIELD,EMBU-1----BASELINE,-0.553,37.45964,KEMB,KAVG425021,2011-10-05,MAZ,88,0,,675.0,4,,,,,,,,,,,,
*,EMUM0134,EMBU-5----FIELD,EMBU-1----BASELINE,-0.553,37.45964,KEMB,KAVA425021,2011-10-05,MAZ,63,0,,450.0,4,,,,,,,,,,,,
*,EMUM0135,EMBU-5----FIELD,EMBU-1----BASELINE,-0.553,37.45964,KEMB,KAVA425021,2011-10-05,MAZ,50,0,,2750.0,4,,,,,,,,,,,,
*,EMUM0136,EMBU-5----FIELD,EMBU-1----BASELINE,-0.553,37.45964,KEMB,KAVA425021,2011-10-05,MAZ,143,2500,,1285.7,4,,,,,,,,,,,,
*,EMUM0137,EMBU-5----FIELD,EMBU-2----BASELINE,-0.553,37.45964,KEMB,KAVA425021,2011-10-15,MAZ,150,500,,2750.0,4,,,,,,,,,,,,
*,EMUM0138,EMBU-5----FIELD,EMBU-1----BASELINE,-0.553,37.45964,KEMB,KAVG425021,2011-09-05,MAZ,63,1500,,675.0,4,,,,,,,,,,,,
*,EMUM0139,EMBU-5----FIELD,EMBU-1----BASELINE,-0.553,37.45964,KEMB,KAVA425021,2011-10-05,MAZ,88,0,,2700.0,4,,,,,,,,,,,,
*,EMUM0140,EMBU-5----FIELD,EMBU-1----BASELINE,-0.553,37.45964,KEMB,KAVA425021,2011-09-05,MAZ,150,1000,,2250.0,4,,,,,,,,,,,,
*,EMUM0141,EMBU-5----FIELD,EMBU-2----BASELINE,-0.553,37.45964,KEMB,KAVG425021,2011-10-15,MAZ,88,25000,,1500.0,4,,,,,,,,,,,,
*,EMUM0142,EMBU-2----FIELD,EMBU-1----BASELINE,-0.553,37.45964,KEMB,KAVA425021,2011-09-05,MAZ,0,1000,,337.5,4,,,,,,,,,,,,
*,EMUM0143,EMBU-5----FIELD,EMBU-1----BASELINE,-0.553,37.45964,KEMB,KAVP425021,2011-10-05,MAZ,80,0,,1000.0,4,,,,,,,,,,,,
*,EMUM0144,EMBU-5----FIELD,EMBU-1----BASELINE,-0.553,37.45964,KEMB,KAVG425021,2011-10-05,MAZ,67,5000,,1800.0,4,,,,,,,,,,,,
*,EMUM0145,EMBU-5----FIELD,EMBU-1----BASELINE,-0.553,37.45964,KEMB,KAVA425021,2011-10-05,MAZ,83,0,,2250.0,4,,,,,,,,,,,,
*,EMUM0146,EMBU-2----FIELD,EMBU-2----BASELINE,-0.553,37.45964,KEMB,KAVA425021,2011-10-15,MAZ,67,0,,666.7,4,,,,,,,,,,,,
*,EMUM0147,EMBU-5----FIELD,EMBU-1----BASELINE,-0.553,37.45964,KEMB,KAVA425021,2011-10-05,MAZ,28,500,,1125.0,4,,,,,,,,,,,,
*,EMUM0148,EMBU-5----FIELD,EMBU-1----BASELINE,-0.553,37.45964,KEMB,KAVG425021,2011-10-05,MAZ,63,7500,,337.5,4,,,,,,,,,,,,
*,EMUM0149,EMBU-5----FIELD,EMBU-1----BASELINE,-0.553,37.45964,KEMB,KAVG425021,2011-09-05,MAZ,75,0,,2430.0,4,,,,,,,,,,,,
*,EMUM0150,EMBU-2----FIELD,EMBU-2----BASELINE,-0.553,37.45964,KEMB,KAVG425021,2011-10-15,MAZ,63,6500,,1800.0,4,,,,,,,,,,,,
*,EMUM0151,EMBU-5----FIELD,EMBU-2----BASELINE,-0.553,37.45964,KEMB,KAVG425021,2011-10-15,MAZ,100,0,,1650.0,4,,,,,,,,,,,,
*,EMUM0152,EMBU-2----FIELD,EMBU-1----BASELINE,-0.553,37.45964,KEMB,KAVG425021,2011-10-05,MAZ,123,0,,2250.0,4,,,,,,,,,,,,
*,EMUM0153,EMBU-2----FIELD,EMBU-1----BASELINE,-0.553,37.45964,KEMB,KAVA425021,2011-10-05,MAZ,160,2500,,3000.0,4,,,,,,,,,,,,
*,EMUM0154,EMBU-5----FIELD,EMBU-1----BASELINE,-0.553,37.45964,KEMB,KAVG425021,2011-10-05,MAZ,75,2500,,1800.0,4,,,,,,,,,,,,
*,EMUM0155,EMBU-5----FIELD,EMBU-1----BASELINE,-0.553,37.45964,KEMB,KAVA425021,2011-10-05,MAZ,80,0,,800.0,4,,,,,,,,,,,,
*,EMUM0156,EMBU-2----FIELD,EMBU-2----BASELINE,-0.553,37.45964,KEMB,KAVP425021,2011-10-15,MAZ,75,500,,2750.0,4,,,,,,,,,,,,
*,EMUM0157,EMBU-5----FIELD,EMBU-1----BASELINE,-0.553,37.45964,KEMB,KAVG425021,2011-10-05,MAZ,10,12500,,180.0,4,,,,,,,,,,,,
*,EMUM0158,EMBU-8----FIELD,EMBU-1----BASELINE,-0.553,37.45964,KEMB,KAVA425021,2011-10-05,MAZ,60,10000,,1350.0,4,,,,,,,,,,,,
*,EMUM0159,EMBU-5----FIELD,EMBU-1----BASELINE,-0.553,37.45964,KEMB,KAVG425021,2011-10-05,MAZ,150,0,,2500.0,4,,,,,,,,,,,,
*,EMUM0160,EMBU-5----FIELD,EMBU-1----BASELINE,-0.553,37.45964,KEMB,KAVA425021,2011-09-05,MAZ,120,1000,,2250.0,4,,,,,,,,,,,,
*,EMUM0161,EMBU-5----FIELD,EMBU-1----BASELINE,-0.553,37.45964,KEMB,KAVG425021,2011-10-05,MAZ,190,15000,,1350.0,4,,,,,,,,,,,,
*,EMUM0162,EMBU-5----FIELD,EMBU-1----BASELINE,-0.553,37.45964,KEMB,KAVA425021,2011-09-05,MAZ,75,0,,450.0,4,,,,,,,,,,,,
*,EMUM0163,EMBU-2----FIELD,EMBU-1----BASELINE,-0.553,37.45964,KEMB,KAVG425021,2011-10-05,MAZ,110,0,,0.0,4,,,,,,,,,,,,
*,EMUM0164,EMBU-12----FIELD,EMBU-1----BASELINE,-0.553,37.45964,KEMB,KAVA425021,2011-09-05,MAZ,25,0,,2250.0,5,,,,,,,,,,,,
*,EMUM0165,EMBU-6----FIELD,EMBU-1----BASELINE,-0.553,37.45964,KEMB,KAVG425021,2011-09-05,MAZ,100,0,,1600.0,5,,,,,,,,,,,,
*,EMUM0166,EMBU-6----FIELD,EMBU-1----BASELINE,-0.553,37.45964,KEMB,KAVG425021,2011-10-05,MAZ,88,1000,,1125.0,5,,,,,,,,,,,,
*,EMUM0167,EMBU-6----FIELD,EMBU-2----BASELINE,-0.553,37.45964,KEMB,KAVG425021,2011-10-15,MAZ,50,1000,,3000.0,5,,,,,,,,,,,,
*,EMUM0168,EMBU-6----FIELD,EMBU-1----BASELINE,-0.553,37.45964,KEMB,KAVA425021,2011-09-05,MAZ,60,0,,3000.0,5,,,,,,,,,,,,
*,EMUM0001,EMBU-11----FIELD,EMBU-5----BASELINE,-0.553,37.45964,KEMB,EMBA225021,2011-10-25,MAZ,24,0,,120.5,3,,,,,,,,,,,,
*,EMUM0002,EMBU-4----FIELD,EMBU-5----BASELINE,-0.553,37.45964,KEMB,EMBA225021,2011-10-15,MAZ,12,500,,1400.0,3,,,,,,,,,,,,
*,EMUM0003,EMBU-10----FIELD,EMBU-5----BASELINE,-0.553,37.45964,KEMB,EMBA225021,2011-10-15,MAZ,16,0,,1200.0,3,,,,,,,,,,,,
*,EMUM0004,EMBU-4----FIELD,EMBU-5----BASELINE,-0.553,37.45964,KEMB,EMBP225021,2011-10-15,MAZ,75,0,,600.0,3,,,,,,,,,,,,
*,EMUM0005,EMBU-7----FIELD,EMBU-5----BASELINE,-0.553,37.45964,KEMB,EMBA225021,2011-10-15,MAZ,20,1250,,400.0,3,,,,,,,,,,,,
*,EMUM0006,EMBU-10----FIELD,EMBU-5----BASELINE,-0.553,37.45964,KEMB,EMBA225021,2011-10-15,MAZ,27,1000,,300.0,3,,,,,,,,,,,,
*,EMUM0007,EMBU-5----FIELD,EMBU-4----BASELINE,-0.553,37.45964,KEMB,EMBA225021,2011-09-05,MAZ,20,0,,600.0,3,,,,,,,,,,,,
*,EMUM0008,EMBU-4----FIELD,EMBU-4----BASELINE,-0.553,37.45964,KEMB,EMBP225021,2011-10-05,MAZ,105,2000,,473.7,3,,,,,,,,,,,,
*,EMUM0009,EMBU-4----FIELD,EMBU-4----BASELINE,-0.553,37.45964,KEMB,EMBA225021,2011-10-05,MAZ,132,2000,,473.7,3,,,,,,,,,,,,
*,EMUM0010,EMBU-7----FIELD,EMBU-5----BASELINE,-0.553,37.45964,KEMB,EMBA225021,2011-10-15,MAZ,40,2000,,360.0,3,,,,,,,,,,,,
*,EMUM0011,EMBU-10----FIELD,EMBU-4----BASELINE,-0.553,37.45964,KEMB,EMBP225021,2011-10-05,MAZ,32,1000,,400.0,3,,,,,,,,,,,,
*,EMUM0012,EMBU-5----FIELD,EMBU-4----BASELINE,-0.553,37.45964,KEMB,EMBP225021,2011-10-05,MAZ,30,2500,,500.0,3,,,,,,,,,,,,
*,EMUM0013,EMBU-5----FIELD,EMBU-4----BASELINE,-0.553,37.45964,KEMB,EMBG225021,2011-10-05,MAZ,30,2500,,350.0,3,,,,,,,,,,,,
*,EMUM0014,EMBU-7----FIELD,EMBU-5----BASELINE,-0.553,37.45964,KEMB,EMBA225021,2011-10-15,MAZ,40,6000,,360.0,3,,,,,,,,,,,,
*,EMUM0015,EMBU-7----FIELD,EMBU-5----BASELINE,-0.553,37.45964,KEMB,EMBA225021,2011-10-15,MAZ,80,2000,,360.0,3,,,,,,,,,,,,
*,EMUM0016,EMBU-4----FIELD,EMBU-4----BASELINE,-0.553,37.45964,KEMB,EMBP225021,2011-10-05,MAZ,100,0,,400.0,3,,,,,,,,,,,,
*,EMUM0017,EMBU-6----FIELD,EMBU-5----BASELINE,-0.553,37.45964,KEMB,EMBA225021,2011-10-15,MAZ,80,0,,450.0,3,,,,,,,,,,,,
*,EMUM0018,EMBU-4----FIELD,EMBU-5----BASELINE,-0.553,37.45964,KEMB,EMBP225021,2011-10-15,MAZ,40,1500,,600.0,3,,,,,,,,,,,,
*,EMUM0019,EMBU-10----FIELD,EMBU-5----BASELINE,-0.553,37.45964,KEMB,EMBA225021,2011-10-15,MAZ,100,2000,,750.0,3,,,,,,,,,,,,
*,EMUM0020,EMBU-10----FIELD,EMBU-4----BASELINE,-0.553,37.45964,KEMB,EMBG225021,2011-10-05,MAZ,40,0,,800.0,3,,,,,,,,,,,,
*,EMUM0021,EMBU-4----FIELD,EMBU-4----BASELINE,-0.553,37.45964,KEMB,EMBG225021,2011-10-05,MAZ,20,0,,1000.0,3,,,,,,,,,,,,
*,EMUM0022,EMBU-8----FIELD,EMBU-4----BASELINE,-0.553,37.45964,KEMB,EMBG225021,2011-10-05,MAZ,20,1000,,700.0,3,,,,,,,,,,,,
*,EMUM0023,EMBU-10----FIELD,EMBU-4----BASELINE,-0.553,37.45964,KEMB,EMBA225021,2011-09-05,MAZ,40,1500,,160.0,3,,,,,,,,,,,,
*,EMUM0024,EMBU-12----FIELD,EMBU-5----BASELINE,-0.553,37.45964,KEMB,EMBP225021,2011-10-15,MAZ,50,0,,600.0,3,,,,,,,,,,,,
*,EMUM0025,EMBU-10----FIELD,EMBU-5----BASELINE,-0.553,37.45964,KEMB,EMBP225021,2011-10-15,MAZ,100,2000,,800.0,3,,,,,,,,,,,,
*,EMUM0026,EMBU-10----FIELD,EMBU-4----BASELINE,-0.553,37.45964,KEMB,EMBP225021,2011-10-05,MAZ,40,0,,1200.0,3,,,,,,,,,,,,
*,EMUM0027,EMBU-2----FIELD,EMBU-5----BASELINE,-0.553,37.45964,KEMB,EMBA225021,2011-10-15,MAZ,100,0,,2000.0,3,,,,,,,,,,,,
*,EMUM0028,EMBU-5----FIELD,EMBU-5----BASELINE,-0.553,37.45964,KEMB,EMBP225021,2011-10-15,MAZ,50,2000,,2700.0,3,,,,,,,,,,,,
*,EMUM0029,EMBU-2----FIELD,EMBU-4----BASELINE,-0.553,37.45964,KEMB,EMBP225021,2011-10-05,MAZ,48,0,,720.0,4,,,,,,,,,,,,
*,EMUM0030,EMBU-11----FIELD,EMBU-4----BASELINE,-0.553,37.45964,KEMB,EMBA225021,2011-10-05,MAZ,59,0,,1764.7,4,,,,,,,,,,,,
*,EMUM0031,EMBU-6----FIELD,EMBU-5----BASELINE,-0.553,37.45964,KEMB,EMBP225021,2011-11-05,MAZ,180,1000,,1500.0,4,,,,,,,,,,,,
*,EMUM0032,EMBU-11----FIELD,EMBU-4----BASELINE,-0.553,37.45964,KEMB,EMBG225021,2011-09-05,MAZ,100,0,,1250.0,4,,,,,,,,,,,,
*,EMUM0033,EMBU-5----FIELD,EMBU-5----BASELINE,-0.553,37.45964,KEMB,EMBA225021,2011-10-15,MAZ,80,1500,,1000.0,4,,,,,,,,,,,,
*,EMUM0034,EMBU-8----FIELD,EMBU-5----BASELINE,-0.553,37.45964,KEMB,EMBA225021,2011-10-15,MAZ,27,0,,960.0,4,,,,,,,,,,,,
*,EMUM0035,EMBU-11----FIELD,EMBU-4----BASELINE,-0.553,37.45964,KEMB,EMBP225021,2011-09-05,MAZ,128,0,,360.0,4,,,,,,,,,,,,
*,EMUM0036,EMBU-11----FIELD,EMBU-4----BASELINE,-0.553,37.45964,KEMB,EMBP225021,2011-09-05,MAZ,180,5000,,1440.0,4,,,,,,,,,,,,
*,EMUM0037,EMBU-4----FIELD,EMBU-5----BASELINE,-0.553,37.45964,KEMB,EMBA225021,2011-10-15,MAZ,80,0,,2880.0,4,,,,,,,,,,,,
*,EMUM0038,EMBU-4----FIELD,EMBU-5----BASELINE,-0.553,37.45964,KEMB,EMBA225021,2011-10-15,MAZ,80,125,,1440.0,4,,,,,,,,,,,,
*,EMUM0039,EMBU-8----FIELD,EMBU-4----BASELINE,-0.553,37.45964,KEMB,EMBA225021,2011-09-05,MAZ,40,0,,1400.0,4,,,,,,,,,,,,
*,EMUM0040,EMBU-5----FIELD,EMBU-5----BASELINE,-0.553,37.45964,KEMB,EMBG225021,2011-10-15,MAZ,144,6000,,1440.0,4,,,,,,,,,,,,
*,EMUM0041,EMBU-5----FIELD,EMBU-4----BASELINE,-0.553,37.45964,KEMB,EMBA225021,2011-10-05,MAZ,120,1000,,576.0,4,,,,,,,,,,,,
*,EMUM0042,EMBU-11----FIELD,EMBU-5----BASELINE,-0.553,37.45964,KEMB,EMBA225021,2011-10-15,MAZ,160,1000,,720.0,4,,,,,,,,,,,,
*,EMUM0043,EMBU-6----FIELD,EMBU-5----BASELINE,-0.553,37.45964,KEMB,EMBA225021,2011-10-15,MAZ,64,0,,2160.0,4,,,,,,,,,,,,
*,EMUM0044,EMBU-5----FIELD,EMBU-5----BASELINE,-0.553,37.45964,KEMB,EMBG225021,2011-10-25,MAZ,160,1000,,576.0,4,,,,,,,,,,,,
*,EMUM0045,EMBU-11----FIELD,EMBU-4----BASELINE,-0.553,37.45964,KEMB,EMBG225021,2011-10-05,MAZ,128,8500,,360.0,4,,,,,,,,,,,,
*,EMUM0046,EMBU-5----FIELD,EMBU-5----BASELINE,-0.553,37.45964,KEMB,EMBA225021,2011-10-15,MAZ,83,0,,1500.0,4,,,,,,,,,,,,
*,EMUM0047,EMBU-11----FIELD,EMBU-5----BASELINE,-0.553,37.45964,KEMB,EMBA225021,2011-10-15,MAZ,67,5000,,2250.0,4,,,,,,,,,,,,
*,EMUM0048,EMBU-11----FIELD,EMBU-5----BASELINE,-0.553,37.45964,KEMB,EMBG225021,2011-10-15,MAZ,43,150,,1028.6,4,,,,,,,,,,,,
*,EMUM0049,EMBU-10----FIELD,EMBU-5----BASELINE,-0.553,37.45964,KEMB,EMBA225021,2011-10-15,MAZ,5,0,,1400.0,4,,,,,,,,,,,,
*,EMUM0050,EMBU-5----FIELD,EMBU-4----BASELINE,-0.553,37.45964,KEMB,EMBA225021,2011-10-05,MAZ,30,500,,1500.0,4,,,,,,,,,,,,
*,EMUM0051,EMBU-5----FIELD,EMBU-4----BASELINE,-0.553,37.45964,KEMB,EMBP225021,2011-10-05,MAZ,100,0,,1800.0,4,,,,,,,,,,,,
*,EMUM0052,EMBU-11----FIELD,EMBU-4----BASELINE,-0.553,37.45964,KEMB,EMBA225021,2011-09-05,MAZ,60,0,,600.0,4,,,,,,,,,,,,
*,EMUM0053,EMBU-11----FIELD,EMBU-5----BASELINE,-0.553,37.45964,KEMB,EMBA225021,2011-10-15,MAZ,20,2000,,800.0,4,,,,,,,,,,,,
*,EMUM0054,EMBU-4----FIELD,EMBU-4----BASELINE,-0.553,37.45964,KEMB,EMBG225021,2011-10-05,MAZ,50,0,,1000.0,4,,,,,,,,,,,,
*,EMUM0055,EMBU-5----FIELD,EMBU-5----BASELINE,-0.553,37.45964,KEMB,EMBA225021,2011-10-15,MAZ,160,5,,2100.0,4,,,,,,,,,,,,
*,EMUM0056,EMBU-8----FIELD,EMBU-5----BASELINE,-0.553,37.45964,KEMB,EMBA225021,2011-10-15,MAZ,180,2500,,360.0,4,,,,,,,,,,,,
*,EMUM0057,EMBU-5----FIELD,EMBU-5----BASELINE,-0.553,37.45964,KEMB,EMBP225021,2011-10-15,MAZ,30,0,,500.0,4,,,,,,,,,,,,
*,EMUM0058,EMBU-11----FIELD,EMBU-4----BASELINE,-0.553,37.45964,KEMB,EMBP225021,2011-10-05,MAZ,50,0,,1200.0,4,,,,,,,,,,,,
*,EMUM0059,EMBU-7----FIELD,EMBU-5----BASELINE,-0.553,37.45964,KEMB,EMBG225021,2011-10-15,MAZ,40,0,,1500.0,4,,,,,,,,,,,,
*,EMUM0060,EMBU-6----FIELD,EMBU-4----BASELINE,-0.553,37.45964,KEMB,EMBA225021,2011-10-05,MAZ,70,0,,900.0,4,,,,,,,,,,,,
*,EMUM0061,EMBU-8----FIELD,EMBU-4----BASELINE,-0.553,37.45964,KEMB,EMBA225021,2011-10-05,MAZ,50,0,,1400.0,4,,,,,,,,,,,,
*,EMUM0062,EMBU-5----FIELD,EMBU-5----BASELINE,-0.553,37.45964,KEMB,EMBG225021,2011-10-15,MAZ,10,0,,900.0,4,,,,,,,,,,,,
*,EMUM0063,EMBU-8----FIELD,EMBU-4----BASELINE,-0.553,37.45964,KEMB,EMBG225021,2011-10-05,MAZ,80,1500,,1200.0,4,,,,,,,,,,,,
*,EMUM0064,EMBU-10----FIELD,EMBU-5----BASELINE,-0.553,37.45964,KEMB,EMBA225021,2011-10-15,MAZ,150,0,,2500.0,4,,,,,,,,,,,,
*,EMUM0065,EMBU-7----FIELD,EMBU-5----BASELINE,-0.553,37.45964,KEMB,EMBG225021,2011-10-15,MAZ,20,0,,0.0,4,,,,,,,,,,,,
*,EMUM0066,EMBU-2----FIELD,EMBU-4----BASELINE,-0.553,37.45964,KEMB,EMBA225021,2011-10-05,MAZ,35,1000,,900.0,4,,,,,,,,,,,,
*,EMUM0067,EMBU-2----FIELD,EMBU-5----BASELINE,-0.553,37.45964,KEMB,EMBG225021,2011-10-15,MAZ,70,0,,1000.0,4,,,,,,,,,,,,
*,EMUM0068,EMBU-2----FIELD,EMBU-5----BASELINE,-0.553,37.45964,KEMB,EMBA225021,2011-10-15,MAZ,60,0,,700.0,4,,,,,,,,,,,,
*,EMUM0069,EMBU-11----FIELD,EMBU-5----BASELINE,-0.553,37.45964,KEMB,EMBG225021,2011-10-15,MAZ,76,50,,2400.0,4,,,,,,,,,,,,
*,EMUM0070,EMBU-4----FIELD,EMBU-5----BASELINE,-0.553,37.45964,KEMB,EMBG225021,2011-10-15,MAZ,100,2000,,900.0,4,,,,,,,,,,,,
*,EMUM0071,EMBU-2----FIELD,EMBU-5----BASELINE,-0.553,37.45964,KEMB,EMBG225021,2011-10-15,MAZ,75,0,,0.0,5,,,,,,,,,,,,
*,EMUM0072,EMBU-6----FIELD,EMBU-5----BASELINE,-0.553,37.45964,KEMB,EMBG225021,2011-10-15,MAZ,80,5000,,0.0,5,,,,,,,,,,,,
*,EMUM0079,EMBU-4----FIELD,EMBU-5----BASELINE,-0.553,37.45964,KEMB,EMBP225021,2011-10-15,MAZ,0,250,,1080.0,5,,,,,,,,,,,,
*,EMUM0082,EMBU-4----FIELD,EMBU-5----BASELINE,-0.553,37.45964,KEMB,KAVA425021,2011-10-15,MAZ,32,0,,1080.0,3,,,,,,,,,,,,
*,EMUM0083,EMBU-4----FIELD,EMBU-5----BASELINE,-0.553,37.45964,KEMB,KAVG425021,2011-10-15,MAZ,40,0,,950.0,3,,,,,,,,,,,,
*,EMUM0084,EMBU-1----FIELD,EMBU-4----BASELINE,-0.553,37.45964,KEMB,KAVA425021,2011-10-05,MAZ,94,0,,750.0,3,,,,,,,,,,,,
*,EMUM0085,EMBU-4----FIELD,EMBU-5----BASELINE,-0.553,37.45964,KEMB,KAVA425021,2011-10-15,MAZ,7,0,,133.3,3,,,,,,,,,,,,
*,EMUM0086,EMBU-4----FIELD,EMBU-5----BASELINE,-0.553,37.45964,KEMB,KAVG425021,2011-10-15,MAZ,40,0,,720.0,3,,,,,,,,,,,,
*,EMUM0087,EMBU-5----FIELD,EMBU-5----BASELINE,-0.553,37.45964,KEMB,KAVA425021,2011-10-15,MAZ,87,0,,1333.3,3,,,,,,,,,,,,
*,EMUM0088,EMBU-1----FIELD,EMBU-4----BASELINE,-0.553,37.45964,KEMB,KAVG425021,2011-09-05,MAZ,104,0,,720.0,3,,,,,,,,,,,,
*,EMUM0089,EMBU-1----FIELD,EMBU-5----BASELINE,-0.553,37.45964,KEMB,KAVA425021,2011-10-15,MAZ,100,500,,360.0,3,,,,,,,,,,,,
*,EMUM0090,EMBU-4----FIELD,EMBU-5----BASELINE,-0.553,37.45964,KEMB,KAVA425021,2011-10-15,MAZ,160,0,,268.0,3,,,,,,,,,,,,
*,EMUM0091,EMBU-1----FIELD,EMBU-4----BASELINE,-0.553,37.45964,KEMB,KAVA425021,2011-10-05,MAZ,0,1000,,700.0,3,,,,,,,,,,,,
*,EMUM0092,EMBU-4----FIELD,EMBU-4----BASELINE,-0.553,37.45964,KEMB,KAVP425021,2011-09-05,MAZ,50,0,,180.0,3,,,,,,,,,,,,
*,EMUM0093,EMBU-4----FIELD,EMBU-4----BASELINE,-0.553,37.45964,KEMB,KAVA425021,2011-10-05,MAZ,90,20000,,800.0,3,,,,,,,,,,,,
*,EMUM0094,EMBU-4----FIELD,EMBU-4----BASELINE,-0.553,37.45964,KEMB,KAVA425021,2011-10-05,MAZ,80,2000,,200.0,3,,,,,,,,,,,,
*,EMUM0095,EMBU-1----FIELD,EMBU-5----BASELINE,-0.553,37.45964,KEMB,KAVG425021,2011-10-15,MAZ,63,2000,,725.0,3,,,,,,,,,,,,
*,EMUM0096,EMBU-4----FIELD,EMBU-4----BASELINE,-0.553,37.45964,KEMB,KAVG425021,2011-10-05,MAZ,30,0,,200.0,3,,,,,,,,,,,,
*,EMUM0097,EMBU-1----FIELD,EMBU-5----BASELINE,-0.553,37.45964,KEMB,KAVA425021,2011-10-25,MAZ,0,0,,200.0,3,,,,,,,,,,,,
*,EMUM0098,EMBU-4----FIELD,EMBU-4----BASELINE,-0.553,37.45964,KEMB,KAVA425021,2011-10-05,MAZ,30,0,,700.0,3,,,,,,,,,,,,
*,EMUM0099,EMBU-1----FIELD,EMBU-5----BASELINE,-0.553,37.45964,KEMB,KAVG425021,2011-10-15,MAZ,150,1500,,250.0,3,,,,,,,,,,,,
*,EMUM0100,EMBU-4----FIELD,EMBU-4----BASELINE,-0.553,37.45964,KEMB,KAVG425021,2011-09-05,MAZ,125,0,,562.5,3,,,,,,,,,,,,
*,EMUM0101,EMBU-4----FIELD,EMBU-4----BASELINE,-0.553,37.45964,KEMB,KAVA425021,2011-09-05,MAZ,83,0,,1500.0,3,,,,,,,,,,,,
*,EMUM0102,EMBU-5----FIELD,EMBU-5----BASELINE,-0.553,37.45964,KEMB,KAVG425021,2011-10-15,MAZ,33,3000,,780.0,3,,,,,,,,,,,,
*,EMUM0103,EMBU-1----FIELD,EMBU-4----BASELINE,-0.553,37.45964,KEMB,KAVP425021,2011-09-05,MAZ,40,500,,360.0,3,,,,,,,,,,,,
*,EMUM0104,EMBU-4----FIELD,EMBU-4----BASELINE,-0.553,37.45964,KEMB,KAVA425021,2011-10-05,MAZ,63,0,,562.5,3,,,,,,,,,,,,
*,EMUM0105,EMBU-4----FIELD,EMBU-4----BASELINE,-0.553,37.45964,KEMB,KAVG425021,2011-10-05,MAZ,63,0,,1200.0,3,,,,,,,,,,,,
*,EMUM0106,EMBU-1----FIELD,EMBU-4----BASELINE,-0.553,37.45964,KEMB,KAVG425021,2011-09-05,MAZ,17,500,,600.0,3,,,,,,,,,,,,
*,EMUM0107,EMBU-4----FIELD,EMBU-4----BASELINE,-0.553,37.45964,KEMB,KAVG425021,2011-10-05,MAZ,100,250,,833.3,3,,,,,,,,,,,,
*,EMUM0108,EMBU-1----FIELD,EMBU-5----BASELINE,-0.553,37.45964,KEMB,KAVA425021,2011-10-15,MAZ,50,0,,500.0,3,,,,,,,,,,,,
*,EMUM0109,EMBU-1----FIELD,EMBU-4----BASELINE,-0.553,37.45964,KEMB,KAVA425021,2011-09-05,MAZ,79,1500,,947.4,3,,,,,,,,,,,,
*,EMUM0110,EMBU-7----FIELD,EMBU-4----BASELINE,-0.553,37.45964,KEMB,KAVG425021,2011-10-05,MAZ,80,0,,540.0,3,,,,,,,,,,,,
*,EMUM0111,EMBU-4----FIELD,EMBU-5----BASELINE,-0.553,37.45964,KEMB,KAVP425021,2011-10-15,MAZ,120,1000,,800.0,3,,,,,,,,,,,,
*,EMUM0112,EMBU-4----FIELD,EMBU-4----BASELINE,-0.553,37.45964,KEMB,KAVA425021,2011-10-05,MAZ,83,500,,375.0,3,,,,,,,,,,,,
*,EMUM0113,EMBU-1----FIELD,EMBU-4----BASELINE,-0.553,37.45964,KEMB,KAVA425021,2011-10-05,MAZ,43,0,,160.0,3,,,,,,,,,,,,
*,EMUM0114,EMBU-4----FIELD,EMBU-4----BASELINE,-0.553,37.45964,KEMB,KAVA425021,2011-09-05,MAZ,71,0,,642.9,3,,,,,,,,,,,,
*,EMUM0115,EMBU-1----FIELD,EMBU-4----BASELINE,-0.553,37.45964,KEMB,KAVG425021,2011-10-05,MAZ,75,0,,450.0,3,,,,,,,,,,,,
*,EMUM0116,EMBU-5----FIELD,EMBU-4----BASELINE,-0.553,37.45964,KEMB,KAVG425021,2011-09-05,MAZ,83,500,,600.0,3,,,,,,,,,,,,
*,EMUM0117,EMBU-1----FIELD,EMBU-4----BASELINE,-0.553,37.45964,KEMB,KAVP425021,2011-10-05,MAZ,31,500,,1125.0,3,,,,,,,,,,,,
*,EMUM0118,EMBU-4----FIELD,EMBU-4----BASELINE,-0.553,37.45964,KEMB,KAVA425021,2011-09-05,MAZ,75,0,,450.0,3,,,,,,,,,,,,
*,EMUM0119,EMBU-4----FIELD,EMBU-4----BASELINE,-0.553,37.45964,KEMB,KAVG425021,2011-10-05,MAZ,75,0,,900.0,3,,,,,,,,,,,,
*,EMUM0120,EMBU-1----FIELD,EMBU-4----BASELINE,-0.553,37.45964,KEMB,KAVG425021,2011-09-05,MAZ,25,0,,675.0,3,,,,,,,,,,,,
*,EMUM0121,EMBU-4----FIELD,EMBU-4----BASELINE,-0.553,37.45964,KEMB,KAVA425021,2011-09-05,MAZ,125,0,,1350.0,3,,,,,,,,,,,,
*,EMUM0122,EMBU-7----FIELD,EMBU-4----BASELINE,-0.553,37.45964,KEMB,KAVA425021,2011-10-05,MAZ,150,0,,3000.0,3,,,,,,,,,,,,
*,EMUM0123,EMBU-4----FIELD,EMBU-4----BASELINE,-0.553,37.45964,KEMB,KAVA425021,2011-09-05,MAZ,65,1500,,450.0,3,,,,,,,,,,,,
*,EMUM0124,EMBU-1----FIELD,EMBU-4----BASELINE,-0.553,37.45964,KEMB,KAVA425021,2011-10-05,MAZ,125,0,,675.0,3,,,,,,,,,,,,
*,EMUM0125,EMBU-1----FIELD,EMBU-4----BASELINE,-0.553,37.45964,KEMB,KAVA425021,2011-09-05,MAZ,75,500,,2250.0,3,,,,,,,,,,,,
*,EMUM0126,EMBU-4----FIELD,EMBU-4----BASELINE,-0.553,37.45964,KEMB,KAVP425021,2011-09-05,MAZ,83,0,,2250.0,3,,,,,,,,,,,,
*,EMUM0127,EMBU-4----FIELD,EMBU-4----BASELINE,-0.553,37.45964,KEMB,KAVG425021,2011-10-05,MAZ,93,1000,,2100.0,3,,,,,,,,,,,,
*,EMUM0128,EMBU-1----FIELD,EMBU-4----BASELINE,-0.553,37.45964,KEMB,KAVA425021,2011-09-05,MAZ,83,0,,1200.0,3,,,,,,,,,,,,
*,EMUM0129,EMBU-2----FIELD,EMBU-4----BASELINE,-0.553,37.45964,KEMB,KAVP425021,2011-09-05,MAZ,75,0,,2250.0,3,,,,,,,,,,,,
*,EMUM0130,EMBU-4----FIELD,EMBU-5----BASELINE,-0.553,37.45964,KEMB,KAVA425021,2011-10-15,MAZ,125,0,,1800.0,3,,,,,,,,,,,,
*,EMUM0131,EMBU-6----FIELD,EMBU-4----BASELINE,-0.553,37.45964,KEMB,KAVG425021,2011-10-05,MAZ,150,0,,2000.0,3,,,,,,,,,,,,
*,EMUM0132,EMBU-4----FIELD,EMBU-5----BASELINE,-0.553,37.45964,KEMB,KAVG425021,2011-10-15,MAZ,125,0,,1250.0,4,,,,,,,,,,,,
*,EMUM0133,EMBU-6----FIELD,EMBU-4----BASELINE,-0.553,37.45964,KEMB,KAVG425021,2011-10-05,MAZ,88,0,,675.0,4,,,,,,,,,,,,
*,EMUM0134,EMBU-5----FIELD,EMBU-4----BASELINE,-0.553,37.45964,KEMB,KAVA425021,2011-10-05,MAZ,63,0,,450.0,4,,,,,,,,,,,,
*,EMUM0135,EMBU-5----FIELD,EMBU-4----BASELINE,-0.553,37.45964,KEMB,KAVA425021,2011-10-05,MAZ,50,0,,2750.0,4,,,,,,,,,,,,
*,EMUM0136,EMBU-5----FIELD,EMBU-4----BASELINE,-0.553,37.45964,KEMB,KAVA425021,2011-10-05,MAZ,143,2500,,1285.7,4,,,,,,,,,,,,
*,EMUM0137,EMBU-5----FIELD,EMBU-5----BASELINE,-0.553,37.45964,KEMB,KAVA425021,2011-10-15,MAZ,150,500,,2750.0,4,,,,,,,,,,,,
*,EMUM0138,EMBU-6----FIELD,EMBU-4----BASELINE,-0.553,37.45964,KEMB,KAVG425021,2011-09-05,MAZ,63,1500,,675.0,4,,,,,,,,,,,,
*,EMUM0139,EMBU-5----FIELD,EMBU-4----BASELINE,-0.553,37.45964,KEMB,KAVA425021,2011-10-05,MAZ,88,0,,2700.0,4,,,,,,,,,,,,
*,EMUM0140,EMBU-6----FIELD,EMBU-4----BASELINE,-0.553,37.45964,KEMB,KAVA425021,2011-09-05,MAZ,150,1000,,2250.0,4,,,,,,,,,,,,
*,EMUM0141,EMBU-5----FIELD,EMBU-5----BASELINE,-0.553,37.45964,KEMB,KAVG425021,2011-10-15,MAZ,88,25000,,1500.0,4,,,,,,,,,,,,
*,EMUM0142,EMBU-2----FIELD,EMBU-4----BASELINE,-0.553,37.45964,KEMB,KAVA425021,2011-09-05,MAZ,0,1000,,337.5,4,,,,,,,,,,,,
*,EMUM0143,EMBU-2----FIELD,EMBU-4----BASELINE,-0.553,37.45964,KEMB,KAVP425021,2011-10-05,MAZ,80,0,,1000.0,4,,,,,,,,,,,,
*,EMUM0144,EMBU-8----FIELD,EMBU-4----BASELINE,-0.553,37.45964,KEMB,KAVG425021,2011-10-05,MAZ,67,5000,,1800.0,4,,,,,,,,,,,,
*,EMUM0145,EMBU-5----FIELD,EMBU-4----BASELINE,-0.553,37.45964,KEMB,KAVA425021,2011-10-05,MAZ,83,0,,2250.0,4,,,,,,,,,,,,
*,EMUM0146,EMBU-2----FIELD,EMBU-5----BASELINE,-0.553,37.45964,KEMB,KAVA425021,2011-10-15,MAZ,67,0,,666.7,4,,,,,,,,,,,,
*,EMUM0147,EMBU-5----FIELD,EMBU-4----BASELINE,-0.553,37.45964,KEMB,KAVA425021,2011-10-05,MAZ,28,500,,1125.0,4,,,,,,,,,,,,
*,EMUM0148,EMBU-4----FIELD,EMBU-4----BASELINE,-0.553,37.45964,KEMB,KAVG425021,2011-10-05,MAZ,63,7500,,337.5,4,,,,,,,,,,,,
*,EMUM0149,EMBU-5----FIELD,EMBU-4----BASELINE,-0.553,37.45964,KEMB,KAVG425021,2011-09-05,MAZ,75,0,,2430.0,4,,,,,,,,,,,,
*,EMUM0150,EMBU-2----FIELD,EMBU-5----BASELINE,-0.553,37.45964,KEMB,KAVG425021,2011-10-15,MAZ,63,6500,,1800.0,4,,,,,,,,,,,,
*,EMUM0151,EMBU-4----FIELD,EMBU-5----BASELINE,-0.553,37.45964,KEMB,KAVG425021,2011-10-15,MAZ,100,0,,1650.0,4,,,,,,,,,,,,
*,EMUM0152,EMBU-5----FIELD,EMBU-4----BASELINE,-0.553,37.45964,KEMB,KAVG425021,2011-10-05,MAZ,123,0,,2250.0,4,,,,,,,,,,,,
*,EMUM0153,EMBU-3----FIELD,EMBU-4----BASELINE,-0.553,37.45964,KEMB,KAVA425021,2011-10-05,MAZ,160,2500,,3000.0,4,,,,,,,,,,,,
*,EMUM0154,EMBU-5----FIELD,EMBU-4----BASELINE,-0.553,37.45964,KEMB,KAVG425021,2011-10-05,MAZ,75,2500,,1800.0,4,,,,,,,,,,,,
*,EMUM0155,EMBU-5----FIELD,EMBU-4----BASELINE,-0.553,37.45964,KEMB,KAVA425021,2011-10-05,MAZ,80,0,,800.0,4,,,,,,,,,,,,
*,EMUM0156,EMBU-3----FIELD,EMBU-5----BASELINE,-0.553,37.45964,KEMB,KAVP425021,2011-10-15,MAZ,75,500,,2750.0,4,,,,,,,,,,,,
*,EMUM0157,EMBU-5----FIELD,EMBU-4----BASELINE,-0.553,37.45964,KEMB,KAVG425021,2011-10-05,MAZ,10,12500,,180.0,4,,,,,,,,,,,,
*,EMUM0158,EMBU-3----FIELD,EMBU-4----BASELINE,-0.553,37.45964,KEMB,KAVA425021,2011-10-05,MAZ,60,10000,,1350.0,4,,,,,,,,,,,,
*,EMUM0159,EMBU-5----FIELD,EMBU-4----BASELINE,-0.553,37.45964,KEMB,KAVG425021,2011-10-05,MAZ,150,0,,2500.0,4,,,,,,,,,,,,
*,EMUM0160,EMBU-5----FIELD,EMBU-4----BASELINE,-0.553,37.45964,KEMB,KAVA425021,2011-09-05,MAZ,120,1000,,2250.0,4,,,,,,,,,,,,
*,EMUM0161,EMBU-5----FIELD,EMBU-4----BASELINE,-0.553,37.45964,KEMB,KAVG425021,2011-10-05,MAZ,190,15000,,1350.0,4,,,,,,,,,,,,
*,EMUM0162,EMBU-5----FIELD,EMBU-4----BASELINE,-0.553,37.45964,KEMB,KAVA425021,2011-09-05,MAZ,75,0,,450.0,4,,,,,,,,,,,,
*,EMUM0163,EMBU-2----FIELD,EMBU-4----BASELINE,-0.553,37.45964,KEMB,KAVG425021,2011-10-05,MAZ,110,0,,0.0,4,,,,,,,,,,,,
*,EMUM0164,EMBU-6----FIELD,EMBU-4----BASELINE,-0.553,37.45964,KEMB,KAVA425021,2011-09-05,MAZ,25,0,,2250.0,5,,,,,,,,,,,,
*,EMUM0165,EMBU-3----FIELD,EMBU-4----BASELINE,-0.553,37.45964,KEMB,KAVG425021,2011-09-05,MAZ,100,0,,1600.0,5,,,,,,,,,,,,
*,EMUM0166,EMBU-6----FIELD,EMBU-4----BASELINE,-0.553,37.45964,KEMB,KAVG425021,2011-10-05,MAZ,88,1000,,1125.0,5,,,,,,,,,,,,
*,EMUM0167,EMBU-5----FIELD,EMBU-5----BASELINE,-0.553,37.45964,KEMB,KAVG425021,2011-10-15,MAZ,50,1000,,3000.0,5,,,,,,,,,,,,
*,EMUM0168,EMBU-6----FIELD,EMBU-4----BASELINE,-0.553,37.45964,KEMB,KAVA425021,2011-09-05,MAZ,60,0,,3000.0,5,,,,,,,,,,,,