&,INFO,REG_ID,KARURUMO,! Assigned by econ modeling teams,,,
&,INFO,STRATUM,5,! Assigned by econ modeling teams,,,
&,INFO,RAP_ID,,! Blank for baseline simulation,,,
&,INFO,MAN_ID,,! Management ID,,,
&,INFO,RAP_VER,,! Blank or zero for baseline simulation. Used for changes to RAP from a previous set of simulations.,,,
&,INFO,DESCRIPTION,BASELINE,! FIELD=field overlay for filling in regional assumptions,,,
&,REPLACE,SC_YEAR,2070,,,,
&,REPLACE,EXP_DUR,30,,,,
&,REPLACE,CLIM_ID,MAXA,! Matches climate ID in weather data,,,
&,REPLACE,CO2Y,380,,,,
&,REPLACE,PDATE,REMOVE_ALL_EVENTS(),!Remove previous planting dates and fill with automatic planting events,,,
&,REPLACE,PDATE,AUTO_PDATE(),0401,0415,25,3
&,REPLACE,ENDAT,DATE_OFFSET(),$PDATE,200,,