#,EXNAME,FIELD_OVERLAY,SEASONAL_STRATEGY,FL_LAT,FL_LONG,WST_ID,SOIL_ID,PDATE,CRID,FEN_TOT,OM_TOT,HDATE,HWAH,BWAH,TR_NOTES,,,,,,,,,,,
*,EMUM0370,KINDARUMA-1----FIELD,KINDARUMA-2----BASELINE,-0.8109,37.79816,KEDN,MACP525021,2011-10-15,MAZ,0,25,,300.0,,,,,,,,,,,,,
*,EMUM0371,KINDARUMA-4----FIELD,KINDARUMA-2----BASELINE,-0.8109,37.79816,KEDN,MACA525021,2011-10-15,MAZ,15,0,,562.5,,,,,,,,,,,,,
*,EMUM0372,KINDARUMA-4----FIELD,KINDARUMA-2----BASELINE,-0.8109,37.79816,KEDN,MACP525021,2011-10-25,MAZ,0,0,,750.0,,,,,,,,,,,,,
*,EMUM0373,KINDARUMA-4----FIELD,KINDARUMA-2----BASELINE,-0.8109,37.79816,KEDN,MACP525021,2011-10-15,MAZ,15,0,,137.3,,,,,,,,,,,,,
*,EMUM0374,KINDARUMA-4----FIELD,KINDARUMA-2----BASELINE,-0.8109,37.79816,KEDN,MACP525021,2011-10-25,MAZ,25,0,,180.0,,,,,,,,,,,,,
*,EMUM0375,KINDARUMA-4----FIELD,KINDARUMA-2----BASELINE,-0.8109,37.79816,KEDN,MACP525021,2011-10-25,MAZ,0,0,,360.0,,,,,,,,,,,,,
*,EMUM0376,KINDARUMA-10----FIELD,KINDARUMA-2----BASELINE,-0.8109,37.79816,KEDN,MACP525021,2011-09-05,MAZ,15,0,,720.0,,,,,,,,,,,,,
*,EMUM0377,KINDARUMA-4----FIELD,KINDARUMA-1----BASELINE,-0.8109,37.79816,KEDN,MACP525021,2011-10-25,MAZ,15,0,,225.0,,,,,,,,,,,,,
*,EMUM0378,KINDARUMA-4----FIELD,KINDARUMA-2----BASELINE,-0.8109,37.79816,KEDN,MACP525021,2011-11-05,MAZ,0,10000,,180.0,,,,,,,,,,,,,
*,EMUM0379,KINDARUMA-1----FIELD,KINDARUMA-3----BASELINE,-0.8109,37.79816,KEDN,MACA525021,2011-10-15,MAZ,15,0,,409.8,,,,,,,,,,,,,
*,EMUM0380,KINDARUMA-1----FIELD,KINDARUMA-2----BASELINE,-0.8109,37.79816,KEDN,MACP525021,2011-10-15,MAZ,0,1000,,443.3,,,,,,,,,,,,,
*,EMUM0381,KINDARUMA-4----FIELD,KINDARUMA-2----BASELINE,-0.8109,37.79816,KEDN,MACP525021,2011-10-25,MAZ,15,0,,600.0,,,,,,,,,,,,,
*,EMUM0382,KINDARUMA-4----FIELD,KINDARUMA-2----BASELINE,-0.8109,37.79816,KEDN,MACP525021,2011-10-25,MAZ,0,0,,525.0,,,,,,,,,,,,,
*,EMUM0383,KINDARUMA-1----FIELD,KINDARUMA-2----BASELINE,-0.8109,37.79816,KEDN,MACP525021,2011-10-15,MAZ,15,0,,112.5,,,,,,,,,,,,,
*,EMUM0384,KINDARUMA-1----FIELD,KINDARUMA-2----BASELINE,-0.8109,37.79816,KEDN,MACA525021,2011-10-15,MAZ,0,0,,1125.0,,,,,,,,,,,,,
*,EMUM0385,KINDARUMA-4----FIELD,KINDARUMA-2----BASELINE,-0.8109,37.79816,KEDN,MACA525021,2011-10-25,MAZ,0,0,,325.0,,,,,,,,,,,,,
*,EMUM0386,KINDARUMA-1----FIELD,KINDARUMA-2----BASELINE,-0.8109,37.79816,KEDN,MACP525021,2011-10-25,MAZ,15,0,,142.9,,,,,,,,,,,,,
*,EMUM0387,KINDARUMA-1----FIELD,KINDARUMA-2----BASELINE,-0.8109,37.79816,KEDN,MACP525021,2011-10-15,MAZ,0,63,,149.3,,,,,,,,,,,,,
*,EMUM0388,KINDARUMA-10----FIELD,KINDARUMA-2----BASELINE,-0.8109,37.79816,KEDN,MACA525021,2011-10-25,MAZ,25,0,,540.0,,,,,,,,,,,,,
*,EMUM0389,KINDARUMA-1----FIELD,KINDARUMA-2----BASELINE,-0.8109,37.79816,KEDN,MACA525021,2011-10-05,MAZ,0,50,,580.2,,,,,,,,,,,,,
*,EMUM0390,KINDARUMA-1----FIELD,KINDARUMA-1----BASELINE,-0.8109,37.79816,KEDN,MACP525021,2011-10-15,MAZ,15,500,,375.0,,,,,,,,,,,,,
*,EMUM0391,KINDARUMA-4----FIELD,KINDARUMA-2----BASELINE,-0.8109,37.79816,KEDN,MACP525021,2011-10-25,MAZ,35,0,,233.3,,,,,,,,,,,,,
*,EMUM0392,KINDARUMA-1----FIELD,KINDARUMA-2----BASELINE,-0.8109,37.79816,KEDN,MACP525021,2011-10-15,MAZ,0,0,,300.0,,,,,,,,,,,,,
*,EMUM0393,KINDARUMA-4----FIELD,KINDARUMA-2----BASELINE,-0.8109,37.79816,KEDN,MACP525021,2011-10-15,MAZ,0,0,,120.0,,,,,,,,,,,,,
*,EMUM0394,KINDARUMA-1----FIELD,KINDARUMA-2----BASELINE,-0.8109,37.79816,KEDN,MACP525021,2011-10-15,MAZ,15,0,,750.0,,,,,,,,,,,,,
*,EMUM0395,KINDARUMA-4----FIELD,KINDARUMA-2----BASELINE,-0.8109,37.79816,KEDN,MACA525021,2011-10-15,MAZ,25,5,,337.5,,,,,,,,,,,,,
*,EMUM0396,KINDARUMA-1----FIELD,KINDARUMA-2----BASELINE,-0.8109,37.79816,KEDN,MACP525021,2011-10-05,MAZ,15,0,,550.0,,,,,,,,,,,,,
*,EMUM0397,KINDARUMA-1----FIELD,KINDARUMA-1----BASELINE,-0.8109,37.79816,KEDN,MACP525021,2011-11-05,MAZ,25,1500,,450.0,,,,,,,,,,,,,
*,EMUM0398,KINDARUMA-1----FIELD,KINDARUMA-3----BASELINE,-0.8109,37.79816,KEDN,MACP525021,2011-10-15,MAZ,0,25,,337.5,,,,,,,,,,,,,
*,EMUM0399,KINDARUMA-4----FIELD,KINDARUMA-2----BASELINE,-0.8109,37.79816,KEDN,MACP525021,2011-11-05,MAZ,0,0,,960.0,,,,,,,,,,,,,
*,EMUM0400,KINDARUMA-4----FIELD,KINDARUMA-3----BASELINE,-0.8109,37.79816,KEDN,MACP525021,2011-11-05,MAZ,25,0,,360.0,,,,,,,,,,,,,
*,EMUM0401,KINDARUMA-4----FIELD,KINDARUMA-3----BASELINE,-0.8109,37.79816,KEDN,MACP525021,2011-11-05,MAZ,15,0,,2160.0,,,,,,,,,,,,,
*,EMUM0402,KINDARUMA-1----FIELD,KINDARUMA-3----BASELINE,-0.8109,37.79816,KEDN,MACP525021,2011-10-25,MAZ,0,50,,800.0,,,,,,,,,,,,,
*,EMUM0403,KINDARUMA-1----FIELD,KINDARUMA-2----BASELINE,-0.8109,37.79816,KEDN,MACP525021,2011-10-25,MAZ,0,0,,600.0,,,,,,,,,,,,,
*,EMUM0404,KINDARUMA-1----FIELD,KINDARUMA-2----BASELINE,-0.8109,37.79816,KEDN,MACP525021,2011-10-25,MAZ,0,0,,839.5,,,,,,,,,,,,,
*,EMUM0405,KINDARUMA-4----FIELD,KINDARUMA-2----BASELINE,-0.8109,37.79816,KEDN,MACA525021,2011-11-05,MAZ,80,5000,,888.9,,,,,,,,,,,,,
*,EMUM0406,KINDARUMA-4----FIELD,KINDARUMA-3----BASELINE,-0.8109,37.79816,KEDN,MACA525021,2011-10-25,MAZ,55,1500,,950.0,,,,,,,,,,,,,
*,EMUM0407,KINDARUMA-10----FIELD,KINDARUMA-2----BASELINE,-0.8109,37.79816,KEDN,MACP525021,2011-10-15,MAZ,0,0,,900.0,,,,,,,,,,,,,
*,EMUM0408,KINDARUMA-1----FIELD,KINDARUMA-2----BASELINE,-0.8109,37.79816,KEDN,MACP525021,2011-10-15,MAZ,45,0,,750.0,,,,,,,,,,,,,
*,EMUM0409,KINDARUMA-4----FIELD,KINDARUMA-2----BASELINE,-0.8109,37.79816,KEDN,MACP525021,2011-10-15,MAZ,0,5,,225.0,,,,,,,,,,,,,
*,EMUM0410,KINDARUMA-10----FIELD,KINDARUMA-2----BASELINE,-0.8109,37.79816,KEDN,MACP525021,2011-11-05,MAZ,15,0,,400.0,,,,,,,,,,,,,
*,EMUM0411,KINDARUMA-4----FIELD,KINDARUMA-3----BASELINE,-0.8109,37.79816,KEDN,MACP525021,2011-10-15,MAZ,15,6,,600.0,,,,,,,,,,,,,
*,EMUM0412,KINDARUMA-4----FIELD,KINDARUMA-2----BASELINE,-0.8109,37.79816,KEDN,MACP525021,2011-10-15,MAZ,0,0,,0.0,,,,,,,,,,,,,
*,EMUM0413,KINDARUMA-4----FIELD,KINDARUMA-2----BASELINE,-0.8109,37.79816,KEDN,MACP525021,2011-10-15,MAZ,0,0,,300.0,,,,,,,,,,,,,
*,EMUM0414,KINDARUMA-1----FIELD,KINDARUMA-2----BASELINE,-0.8109,37.79816,KEDN,MACP525021,2011-10-25,MAZ,0,0,,300.0,,,,,,,,,,,,,
*,EMUM0415,KINDARUMA-4----FIELD,KINDARUMA-2----BASELINE,-0.8109,37.79816,KEDN,MACP525021,2011-10-25,MAZ,0,3500,,250.0,,,,,,,,,,,,,
*,EMUM0416,KINDARUMA-1----FIELD,KINDARUMA-2----BASELINE,-0.8109,37.79816,KEDN,MACP525021,2011-10-25,MAZ,0,0,,475.0,,,,,,,,,,,,,
*,EMUM0417,KINDARUMA-4----FIELD,KINDARUMA-2----BASELINE,-0.8109,37.79816,KEDN,MACP525021,2011-10-25,MAZ,65,0,,350.0,,,,,,,,,,,,,
*,EMUM0418,KINDARUMA-1----FIELD,KINDARUMA-2----BASELINE,-0.8109,37.79816,KEDN,MACP525021,2011-10-25,MAZ,0,0,,150.0,,,,,,,,,,,,,
*,EMUM0419,KINDARUMA-4----FIELD,KINDARUMA-2----BASELINE,-0.8109,37.79816,KEDN,MACP525021,2011-10-15,MAZ,0,50,,225.0,,,,,,,,,,,,,
*,EMUM0420,KINDARUMA-4----FIELD,KINDARUMA-2----BASELINE,-0.8109,37.79816,KEDN,MACA525021,2011-10-15,MAZ,55,0,,300.0,,,,,,,,,,,,,
*,EMUM0421,KINDARUMA-1----FIELD,KINDARUMA-2----BASELINE,-0.8109,37.79816,KEDN,MACP525021,2011-10-15,MAZ,0,0,,150.0,,,,,,,,,,,,,
*,EMUM0422,KINDARUMA-1----FIELD,KINDARUMA-2----BASELINE,-0.8109,37.79816,KEDN,MACP525021,2011-10-15,MAZ,0,0,,175.0,,,,,,,,,,,,,
*,EMUM0423,KINDARUMA-1----FIELD,KINDARUMA-2----BASELINE,-0.8109,37.79816,KEDN,MACP525021,2011-10-15,MAZ,0,0,,250.0,,,,,,,,,,,,,
*,EMUM0424,KINDARUMA-4----FIELD,KINDARUMA-2----BASELINE,-0.8109,37.79816,KEDN,MACP525021,2011-11-05,MAZ,15,1000,,200.0,,,,,,,,,,,,,
*,EMUM0425,KINDARUMA-2----FIELD,KINDARUMA-3----BASELINE,-0.8109,37.79816,KEDN,MACA525021,2011-10-15,MAZ,0,1000,,1000.0,,,,,,,,,,,,,
*,EMUM0426,KINDARUMA-2----FIELD,KINDARUMA-2----BASELINE,-0.8109,37.79816,KEDN,MACP525021,2011-11-05,MAZ,0,3500,,100.0,,,,,,,,,,,,,
*,EMUM0427,KINDARUMA-2----FIELD,KINDARUMA-3----BASELINE,-0.8109,37.79816,KEDN,MACA525021,2011-10-15,MAZ,0,500,,300.0,,,,,,,,,,,,,
*,EMUM0428,KINDARUMA-2----FIELD,KINDARUMA-2----BASELINE,-0.8109,37.79816,KEDN,MACA525021,2011-10-25,MAZ,0,1500,,600.0,,,,,,,,,,,,,
*,EMUM0429,KINDARUMA-5----FIELD,KINDARUMA-2----BASELINE,-0.8109,37.79816,KEDN,MACG525021,2011-10-15,MAZ,0,0,,666.7,,,,,,,,,,,,,
*,EMUM0430,KINDARUMA-2----FIELD,KINDARUMA-2----BASELINE,-0.8109,37.79816,KEDN,MACA525021,2011-10-15,MAZ,0,0,,461.5,,,,,,,,,,,,,
*,EMUM0431,KINDARUMA-2----FIELD,KINDARUMA-2----BASELINE,-0.8109,37.79816,KEDN,MACP525021,2011-10-15,MAZ,15,4000,,571.4,,,,,,,,,,,,,
*,EMUM0432,KINDARUMA-5----FIELD,KINDARUMA-2----BASELINE,-0.8109,37.79816,KEDN,MACP525021,2011-10-15,MAZ,25,0,,1000.0,,,,,,,,,,,,,
*,EMUM0433,KINDARUMA-2----FIELD,KINDARUMA-2----BASELINE,-0.8109,37.79816,KEDN,MACP525021,2011-10-15,MAZ,0,0,,625.0,,,,,,,,,,,,,
*,EMUM0434,KINDARUMA-5----FIELD,KINDARUMA-2----BASELINE,-0.8109,37.79816,KEDN,MACP525021,2011-10-15,MAZ,45,0,,400.0,,,,,,,,,,,,,
*,EMUM0435,KINDARUMA-5----FIELD,KINDARUMA-2----BASELINE,-0.8109,37.79816,KEDN,MACP525021,2011-10-05,MAZ,0,0,,600.0,,,,,,,,,,,,,
*,EMUM0436,KINDARUMA-2----FIELD,KINDARUMA-1----BASELINE,-0.8109,37.79816,KEDN,MACP525021,2011-10-25,MAZ,0,4500,,280.0,,,,,,,,,,,,,
*,EMUM0437,KINDARUMA-2----FIELD,KINDARUMA-2----BASELINE,-0.8109,37.79816,KEDN,MACP525021,2011-10-25,MAZ,25,0,,500.0,,,,,,,,,,,,,
*,EMUM0438,KINDARUMA-5----FIELD,KINDARUMA-2----BASELINE,-0.8109,37.79816,KEDN,MACP525021,2011-10-25,MAZ,0,0,,400.0,,,,,,,,,,,,,
*,EMUM0439,KINDARUMA-5----FIELD,KINDARUMA-2----BASELINE,-0.8109,37.79816,KEDN,MACP525021,2011-10-25,MAZ,45,5,,400.0,,,,,,,,,,,,,
*,EMUM0440,KINDARUMA-2----FIELD,KINDARUMA-2----BASELINE,-0.8109,37.79816,KEDN,MACA525021,2011-10-15,MAZ,0,50,,900.0,,,,,,,,,,,,,
*,EMUM0441,KINDARUMA-5----FIELD,KINDARUMA-2----BASELINE,-0.8109,37.79816,KEDN,MACA525021,2011-11-05,MAZ,0,0,,640.0,,,,,,,,,,,,,
*,EMUM0442,KINDARUMA-2----FIELD,KINDARUMA-3----BASELINE,-0.8109,37.79816,KEDN,MACA525021,2011-11-05,MAZ,45,5,,260.0,,,,,,,,,,,,,
*,EMUM0443,KINDARUMA-2----FIELD,KINDARUMA-3----BASELINE,-0.8109,37.79816,KEDN,MACG525021,2011-10-25,MAZ,15,63,,166.7,,,,,,,,,,,,,
*,EMUM0444,KINDARUMA-2----FIELD,KINDARUMA-2----BASELINE,-0.8109,37.79816,KEDN,MACA525021,2011-10-15,MAZ,0,0,,1500.0,,,,,,,,,,,,,
*,EMUM0445,KINDARUMA-5----FIELD,KINDARUMA-2----BASELINE,-0.8109,37.79816,KEDN,MACP525021,2011-10-05,MAZ,0,0,,1500.0,,,,,,,,,,,,,
*,EMUM0446,KINDARUMA-5----FIELD,KINDARUMA-1----BASELINE,-0.8109,37.79816,KEDN,MACA525021,2011-10-25,MAZ,0,0,,1666.7,,,,,,,,,,,,,
*,EMUM0447,KINDARUMA-11----FIELD,KINDARUMA-2----BASELINE,-0.8109,37.79816,KEDN,MACA525021,2011-11-05,MAZ,15,1500,,150.0,,,,,,,,,,,,,
*,EMUM0448,KINDARUMA-2----FIELD,KINDARUMA-3----BASELINE,-0.8109,37.79816,KEDN,MACP525021,2011-10-15,MAZ,15,0,,336.4,,,,,,,,,,,,,
*,EMUM0449,KINDARUMA-5----FIELD,KINDARUMA-2----BASELINE,-0.8109,37.79816,KEDN,MACA525021,2011-10-25,MAZ,55,0,,700.0,,,,,,,,,,,,,
*,EMUM0450,KINDARUMA-2----FIELD,KINDARUMA-2----BASELINE,-0.8109,37.79816,KEDN,MACP525021,2011-10-15,MAZ,35,0,,1088.7,,,,,,,,,,,,,
*,EMUM0451,KINDARUMA-6----FIELD,KINDARUMA-2----BASELINE,-0.8109,37.79816,KEDN,MACA525021,2011-10-15,MAZ,0,0,,1088.7,,,,,,,,,,,,,
*,EMUM0370,KINDARUMA-1----FIELD,KINDARUMA-5----BASELINE,-0.8109,37.79816,KEDN,MACP525021,2011-10-15,MAZ,0,0,,,,,,,,,,,,,,,
*,EMUM0371,KINDARUMA-4----FIELD,KINDARUMA-5----BASELINE,-0.8109,37.79816,KEDN,MACA525021,2011-10-15,MAZ,25,0,,,,,,,,,,,,,,,
*,EMUM0372,KINDARUMA-4----FIELD,KINDARUMA-5----BASELINE,-0.8109,37.79816,KEDN,MACP525021,2011-10-25,MAZ,0,0,,,,,,,,,,,,,,,
*,EMUM0373,KINDARUMA-4----FIELD,KINDARUMA-5----BASELINE,-0.8109,37.79816,KEDN,MACP525021,2011-10-15,MAZ,15,0,,,,,,,,,,,,,,,
*,EMUM0374,KINDARUMA-10----FIELD,KINDARUMA-5----BASELINE,-0.8109,37.79816,KEDN,MACP525021,2011-10-25,MAZ,15,0,,,,,,,,,,,,,,,
*,EMUM0375,KINDARUMA-4----FIELD,KINDARUMA-5----BASELINE,-0.8109,37.79816,KEDN,MACP525021,2011-10-25,MAZ,0,0,,,,,,,,,,,,,,,
*,EMUM0376,KINDARUMA-4----FIELD,KINDARUMA-5----BASELINE,-0.8109,37.79816,KEDN,MACP525021,2011-09-05,MAZ,15,0,,,,,,,,,,,,,,,
*,EMUM0377,KINDARUMA-4----FIELD,KINDARUMA-4----BASELINE,-0.8109,37.79816,KEDN,MACP525021,2011-10-25,MAZ,15,0,,,,,,,,,,,,,,,
*,EMUM0378,KINDARUMA-4----FIELD,KINDARUMA-5----BASELINE,-0.8109,37.79816,KEDN,MACP525021,2011-11-05,MAZ,0,0,,,,,,,,,,,,,,,
*,EMUM0379,KINDARUMA-1----FIELD,KINDARUMA-5----BASELINE,-0.8109,37.79816,KEDN,MACA525021,2011-10-15,MAZ,15,10000,,,,,,,,,,,,,,,
*,EMUM0380,KINDARUMA-1----FIELD,KINDARUMA-5----BASELINE,-0.8109,37.79816,KEDN,MACP525021,2011-10-15,MAZ,0,0,,,,,,,,,,,,,,,
*,EMUM0381,KINDARUMA-4----FIELD,KINDARUMA-5----BASELINE,-0.8109,37.79816,KEDN,MACP525021,2011-10-25,MAZ,0,1000,,,,,,,,,,,,,,,
*,EMUM0382,KINDARUMA-4----FIELD,KINDARUMA-5----BASELINE,-0.8109,37.79816,KEDN,MACP525021,2011-10-25,MAZ,0,0,,,,,,,,,,,,,,,
*,EMUM0383,KINDARUMA-1----FIELD,KINDARUMA-5----BASELINE,-0.8109,37.79816,KEDN,MACP525021,2011-10-15,MAZ,15,0,,,,,,,,,,,,,,,
*,EMUM0384,KINDARUMA-1----FIELD,KINDARUMA-5----BASELINE,-0.8109,37.79816,KEDN,MACA525021,2011-10-15,MAZ,15,0,,,,,,,,,,,,,,,
*,EMUM0385,KINDARUMA-4----FIELD,KINDARUMA-5----BASELINE,-0.8109,37.79816,KEDN,MACA525021,2011-10-25,MAZ,0,0,,,,,,,,,,,,,,,
*,EMUM0386,KINDARUMA-10----FIELD,KINDARUMA-5----BASELINE,-0.8109,37.79816,KEDN,MACP525021,2011-10-25,MAZ,15,0,,,,,,,,,,,,,,,
*,EMUM0387,KINDARUMA-1----FIELD,KINDARUMA-5----BASELINE,-0.8109,37.79816,KEDN,MACP525021,2011-10-15,MAZ,0,0,,,,,,,,,,,,,,,
*,EMUM0388,KINDARUMA-4----FIELD,KINDARUMA-5----BASELINE,-0.8109,37.79816,KEDN,MACA525021,2011-10-25,MAZ,25,0,,,,,,,,,,,,,,,
*,EMUM0389,KINDARUMA-1----FIELD,KINDARUMA-5----BASELINE,-0.8109,37.79816,KEDN,MACA525021,2011-10-05,MAZ,0,0,,,,,,,,,,,,,,,
*,EMUM0390,KINDARUMA-1----FIELD,KINDARUMA-4----BASELINE,-0.8109,37.79816,KEDN,MACP525021,2011-10-15,MAZ,0,0,,,,,,,,,,,,,,,
*,EMUM0391,KINDARUMA-4----FIELD,KINDARUMA-5----BASELINE,-0.8109,37.79816,KEDN,MACP525021,2011-10-25,MAZ,35,0,,,,,,,,,,,,,,,
*,EMUM0392,KINDARUMA-1----FIELD,KINDARUMA-5----BASELINE,-0.8109,37.79816,KEDN,MACP525021,2011-10-15,MAZ,0,0,,,,,,,,,,,,,,,
*,EMUM0393,KINDARUMA-4----FIELD,KINDARUMA-5----BASELINE,-0.8109,37.79816,KEDN,MACP525021,2011-10-15,MAZ,0,0,,,,,,,,,,,,,,,
*,EMUM0394,KINDARUMA-2----FIELD,KINDARUMA-5----BASELINE,-0.8109,37.79816,KEDN,MACP525021,2011-10-15,MAZ,25,0,,,,,,,,,,,,,,,
*,EMUM0395,KINDARUMA-4----FIELD,KINDARUMA-5----BASELINE,-0.8109,37.79816,KEDN,MACA525021,2011-10-15,MAZ,25,0,,,,,,,,,,,,,,,
*,EMUM0396,KINDARUMA-1----FIELD,KINDARUMA-5----BASELINE,-0.8109,37.79816,KEDN,MACP525021,2011-10-05,MAZ,0,0,,,,,,,,,,,,,,,
*,EMUM0397,KINDARUMA-2----FIELD,KINDARUMA-4----BASELINE,-0.8109,37.79816,KEDN,MACP525021,2011-11-05,MAZ,55,1500,,,,,,,,,,,,,,,
*,EMUM0398,KINDARUMA-1----FIELD,KINDARUMA-5----BASELINE,-0.8109,37.79816,KEDN,MACP525021,2011-10-15,MAZ,0,0,,,,,,,,,,,,,,,
*,EMUM0399,KINDARUMA-4----FIELD,KINDARUMA-5----BASELINE,-0.8109,37.79816,KEDN,MACP525021,2011-11-05,MAZ,0,0,,,,,,,,,,,,,,,
*,EMUM0400,KINDARUMA-4----FIELD,KINDARUMA-5----BASELINE,-0.8109,37.79816,KEDN,MACP525021,2011-11-05,MAZ,25,0,,,,,,,,,,,,,,,
*,EMUM0401,KINDARUMA-5----FIELD,KINDARUMA-5----BASELINE,-0.8109,37.79816,KEDN,MACP525021,2011-11-05,MAZ,25,0,,,,,,,,,,,,,,,
*,EMUM0402,KINDARUMA-1----FIELD,KINDARUMA-5----BASELINE,-0.8109,37.79816,KEDN,MACP525021,2011-10-25,MAZ,0,0,,,,,,,,,,,,,,,
*,EMUM0403,KINDARUMA-1----FIELD,KINDARUMA-5----BASELINE,-0.8109,37.79816,KEDN,MACP525021,2011-10-25,MAZ,0,0,,,,,,,,,,,,,,,
*,EMUM0404,KINDARUMA-1----FIELD,KINDARUMA-5----BASELINE,-0.8109,37.79816,KEDN,MACP525021,2011-10-25,MAZ,0,500,,,,,,,,,,,,,,,
*,EMUM0405,KINDARUMA-4----FIELD,KINDARUMA-5----BASELINE,-0.8109,37.79816,KEDN,MACA525021,2011-11-05,MAZ,65,0,,,,,,,,,,,,,,,
*,EMUM0406,KINDARUMA-4----FIELD,KINDARUMA-5----BASELINE,-0.8109,37.79816,KEDN,MACA525021,2011-10-25,MAZ,55,1500,,,,,,,,,,,,,,,
*,EMUM0407,KINDARUMA-10----FIELD,KINDARUMA-5----BASELINE,-0.8109,37.79816,KEDN,MACP525021,2011-10-15,MAZ,0,0,,,,,,,,,,,,,,,
*,EMUM0408,KINDARUMA-1----FIELD,KINDARUMA-5----BASELINE,-0.8109,37.79816,KEDN,MACP525021,2011-10-15,MAZ,45,0,,,,,,,,,,,,,,,
*,EMUM0409,KINDARUMA-2----FIELD,KINDARUMA-5----BASELINE,-0.8109,37.79816,KEDN,MACP525021,2011-10-15,MAZ,0,0,,,,,,,,,,,,,,,
*,EMUM0410,KINDARUMA-1----FIELD,KINDARUMA-5----BASELINE,-0.8109,37.79816,KEDN,MACP525021,2011-11-05,MAZ,15,0,,,,,,,,,,,,,,,
*,EMUM0411,KINDARUMA-4----FIELD,KINDARUMA-5----BASELINE,-0.8109,37.79816,KEDN,MACP525021,2011-10-15,MAZ,15,0,,,,,,,,,,,,,,,
*,EMUM0412,KINDARUMA-4----FIELD,KINDARUMA-5----BASELINE,-0.8109,37.79816,KEDN,MACP525021,2011-10-15,MAZ,0,0,,,,,,,,,,,,,,,
*,EMUM0413,KINDARUMA-10----FIELD,KINDARUMA-5----BASELINE,-0.8109,37.79816,KEDN,MACP525021,2011-10-15,MAZ,0,0,,,,,,,,,,,,,,,
*,EMUM0414,KINDARUMA-1----FIELD,KINDARUMA-5----BASELINE,-0.8109,37.79816,KEDN,MACP525021,2011-10-25,MAZ,0,0,,,,,,,,,,,,,,,
*,EMUM0415,KINDARUMA-5----FIELD,KINDARUMA-5----BASELINE,-0.8109,37.79816,KEDN,MACP525021,2011-10-25,MAZ,45,0,,,,,,,,,,,,,,,
*,EMUM0416,KINDARUMA-4----FIELD,KINDARUMA-5----BASELINE,-0.8109,37.79816,KEDN,MACP525021,2011-10-25,MAZ,0,5000,,,,,,,,,,,,,,,
*,EMUM0417,KINDARUMA-4----FIELD,KINDARUMA-5----BASELINE,-0.8109,37.79816,KEDN,MACP525021,2011-10-25,MAZ,65,1000,,,,,,,,,,,,,,,
*,EMUM0418,KINDARUMA-1----FIELD,KINDARUMA-5----BASELINE,-0.8109,37.79816,KEDN,MACP525021,2011-10-25,MAZ,0,0,,,,,,,,,,,,,,,
*,EMUM0419,KINDARUMA-1----FIELD,KINDARUMA-5----BASELINE,-0.8109,37.79816,KEDN,MACP525021,2011-10-15,MAZ,0,0,,,,,,,,,,,,,,,
*,EMUM0420,KINDARUMA-4----FIELD,KINDARUMA-5----BASELINE,-0.8109,37.79816,KEDN,MACA525021,2011-10-15,MAZ,55,0,,,,,,,,,,,,,,,
*,EMUM0421,KINDARUMA-1----FIELD,KINDARUMA-5----BASELINE,-0.8109,37.79816,KEDN,MACP525021,2011-10-15,MAZ,0,0,,,,,,,,,,,,,,,
*,EMUM0422,KINDARUMA-4----FIELD,KINDARUMA-5----BASELINE,-0.8109,37.79816,KEDN,MACP525021,2011-10-15,MAZ,0,0,,,,,,,,,,,,,,,
*,EMUM0423,KINDARUMA-1----FIELD,KINDARUMA-5----BASELINE,-0.8109,37.79816,KEDN,MACP525021,2011-10-15,MAZ,0,0,,,,,,,,,,,,,,,
*,EMUM0424,KINDARUMA-4----FIELD,KINDARUMA-5----BASELINE,-0.8109,37.79816,KEDN,MACP525021,2011-11-05,MAZ,0,0,,,,,,,,,,,,,,,
*,EMUM0425,KINDARUMA-2----FIELD,KINDARUMA-5----BASELINE,-0.8109,37.79816,KEDN,MACA525021,2011-10-15,MAZ,15,0,,,,,,,,,,,,,,,
*,EMUM0426,KINDARUMA-2----FIELD,KINDARUMA-5----BASELINE,-0.8109,37.79816,KEDN,MACP525021,2011-11-05,MAZ,0,0,,,,,,,,,,,,,,,
*,EMUM0427,KINDARUMA-2----FIELD,KINDARUMA-5----BASELINE,-0.8109,37.79816,KEDN,MACA525021,2011-10-15,MAZ,0,1000,,,,,,,,,,,,,,,
*,EMUM0428,KINDARUMA-2----FIELD,KINDARUMA-5----BASELINE,-0.8109,37.79816,KEDN,MACA525021,2011-10-25,MAZ,0,1500,,,,,,,,,,,,,,,
*,EMUM0429,KINDARUMA-5----FIELD,KINDARUMA-5----BASELINE,-0.8109,37.79816,KEDN,MACG525021,2011-10-15,MAZ,0,0,,,,,,,,,,,,,,,
*,EMUM0430,KINDARUMA-2----FIELD,KINDARUMA-5----BASELINE,-0.8109,37.79816,KEDN,MACA525021,2011-10-15,MAZ,0,0,,,,,,,,,,,,,,,
*,EMUM0431,KINDARUMA-2----FIELD,KINDARUMA-5----BASELINE,-0.8109,37.79816,KEDN,MACP525021,2011-10-15,MAZ,0,0,,,,,,,,,,,,,,,
*,EMUM0432,KINDARUMA-6----FIELD,KINDARUMA-5----BASELINE,-0.8109,37.79816,KEDN,MACP525021,2011-10-15,MAZ,15,0,,,,,,,,,,,,,,,
*,EMUM0433,KINDARUMA-2----FIELD,KINDARUMA-5----BASELINE,-0.8109,37.79816,KEDN,MACP525021,2011-10-15,MAZ,0,2500,,,,,,,,,,,,,,,
*,EMUM0434,KINDARUMA-5----FIELD,KINDARUMA-5----BASELINE,-0.8109,37.79816,KEDN,MACP525021,2011-10-15,MAZ,45,0,,,,,,,,,,,,,,,
*,EMUM0435,KINDARUMA-5----FIELD,KINDARUMA-5----BASELINE,-0.8109,37.79816,KEDN,MACP525021,2011-10-05,MAZ,0,0,,,,,,,,,,,,,,,
*,EMUM0436,KINDARUMA-2----FIELD,KINDARUMA-4----BASELINE,-0.8109,37.79816,KEDN,MACP525021,2011-10-25,MAZ,0,5000,,,,,,,,,,,,,,,
*,EMUM0437,KINDARUMA-12----FIELD,KINDARUMA-5----BASELINE,-0.8109,37.79816,KEDN,MACP525021,2011-10-25,MAZ,35,1500,,,,,,,,,,,,,,,
*,EMUM0438,KINDARUMA-2----FIELD,KINDARUMA-5----BASELINE,-0.8109,37.79816,KEDN,MACP525021,2011-10-25,MAZ,0,0,,,,,,,,,,,,,,,
*,EMUM0439,KINDARUMA-2----FIELD,KINDARUMA-5----BASELINE,-0.8109,37.79816,KEDN,MACP525021,2011-10-25,MAZ,0,0,,,,,,,,,,,,,,,
*,EMUM0440,KINDARUMA-2----FIELD,KINDARUMA-5----BASELINE,-0.8109,37.79816,KEDN,MACA525021,2011-10-15,MAZ,0,0,,,,,,,,,,,,,,,
*,EMUM0441,KINDARUMA-5----FIELD,KINDARUMA-5----BASELINE,-0.8109,37.79816,KEDN,MACA525021,2011-11-05,MAZ,0,0,,,,,,,,,,,,,,,
*,EMUM0442,KINDARUMA-2----FIELD,KINDARUMA-5----BASELINE,-0.8109,37.79816,KEDN,MACA525021,2011-11-05,MAZ,45,0,,,,,,,,,,,,,,,
*,EMUM0443,KINDARUMA-1----FIELD,KINDARUMA-5----BASELINE,-0.8109,37.79816,KEDN,MACG525021,2011-10-25,MAZ,0,0,,,,,,,,,,,,,,,
*,EMUM0444,KINDARUMA-2----FIELD,KINDARUMA-5----BASELINE,-0.8109,37.79816,KEDN,MACA525021,2011-10-15,MAZ,0,0,,,,,,,,,,,,,,,
*,EMUM0445,KINDARUMA-5----FIELD,KINDARUMA-5----BASELINE,-0.8109,37.79816,KEDN,MACP525021,2011-10-05,MAZ,0,0,,,,,,,,,,,,,,,
*,EMUM0446,KINDARUMA-5----FIELD,KINDARUMA-4----BASELINE,-0.8109,37.79816,KEDN,MACA525021,2011-10-25,MAZ,0,0,,,,,,,,,,,,,,,
*,EMUM0447,KINDARUMA-6----FIELD,KINDARUMA-5----BASELINE,-0.8109,37.79816,KEDN,MACA525021,2011-11-05,MAZ,0,1000,,,,,,,,,,,,,,,
*,EMUM0448,KINDARUMA-1----FIELD,KINDARUMA-5----BASELINE,-0.8109,37.79816,KEDN,MACP525021,2011-10-15,MAZ,15,0,,,,,,,,,,,,,,,
*,EMUM0449,KINDARUMA-5----FIELD,KINDARUMA-5----BASELINE,-0.8109,37.79816,KEDN,MACA525021,2011-10-25,MAZ,55,0,,,,,,,,,,,,,,,
*,EMUM0450,KINDARUMA-5----FIELD,KINDARUMA-5----BASELINE,-0.8109,37.79816,KEDN,MACP525021,2011-10-15,MAZ,35,0,,,,,,,,,,,,,,,
*,EMUM0451,KINDARUMA-4----FIELD,KINDARUMA-5----BASELINE,-0.8109,37.79816,KEDN,MACA525021,2011-10-15,MAZ,0,0,,,,,,,,,,,,,,,