&,INFO,REG_ID,ISHIARA,! Assigned by econ modeling teams,,,,,,,
&,INFO,STRATUM,6,! Assigned by econ modeling teams,,,,,,,
&,INFO,RAP_ID,,! Blank for survey simulation,,,,,,,
&,INFO,MAN_ID,,! Management ID,,,,,,,
&,INFO,RAP_VER,,! Blank or zero for baseline simulation. Used for changes to RAP from a previous set of simulations.,,,,,,,
&,INFO,DESCRIPTION,FIELD,! FIELD=field overlay for filling in regional assumptions,,,,,,,
&,REPLACE,TAV,TAVAMP(),! Calculates TAV and TAMP based on daily weather records,,,,,,,
&,REPLACE_FIELD_ONLY,CO2Y,,"! For baseline historic simulations, do not use static mid-period CO2Y from the weather data.",,,,,,,
&,FILL,ICH2O,PCTAWC(),50,,,,,,,
&,FILL,ICN_TOT,ICN_DIST(),10.0,,,,,,,
&,FILL,ICPCR,MAZ,,,,,,,,
&,FILL,ICRAG,0,,,,,,,,
&,FILL,ICRN,0.8,,,,,,,,
&,FILL,CRID,MAZ,,,,,,,,
&,FILL,cul_name,DEKAL,,,,,,,,
&,FILL,dssat_cul_id,IC0001,,,,,,,,
&,FILL,apsim_cul_id,H511,,,,,,,,
&,FILL,plpop,5,,,,,,,,
&,FILL,plma,S,,,,,,,,
&,FILL,pldp,50,,,,,,,,
&,FILL,plrs,75,,,,,,,,
&,FILL,FEDATE,FERT_DIST(),2,FE005,AP002,10,14,33.3,45,66.7
&,FILL,OMDAT,OM_DIST(),-7,RE003,8.3,5,50,2.5,,
&,FILL,SLRGF,ROOT_DIST(),1,20,100,,,,,
&,FILL,SLSC,STABLEC(),0.75,20,60,,,,,
&,FILL,SLIC,MULTIPLY(),$SLSC,0.9,,,,,,
&,FILL,SLPF,0.92,,,,,,,,
&,FILL,SDAT,OFFSET_DATE(),$PDATE,-30,,,,,,
&,FILL,ICDAT,$SDAT,,,,,,,,
&,FILL,ENDAT,DATE_OFFSET(),$PDATE,200,,,,,,